asin,captcha,title,brand,manufacturer,description,images,price,stars,ratings_quantity,time,is_empty,id,category,method,is_valid
B0CP9Z56SW,False,True,True,True,True,True,True,True,True,4.827744960784912,False,1,home_and_kitchen,SELENIUM_CAPTCHA_ROTATE_USER_AGENT,False
B01M16WBW1,False,True,True,True,True,True,True,True,True,4.835377931594849,False,2,home_and_kitchen,SELENIUM_CAPTCHA_ROTATE_USER_AGENT,False
B0154ASID6,False,True,True,True,True,True,True,True,True,4.020211935043335,False,3,home_and_kitchen,SELENIUM_CAPTCHA_ROTATE_USER_AGENT,False
B085DVNHHK,False,True,True,True,True,True,True,True,True,4.121112823486328,False,4,home_and_kitchen,SELENIUM_CAPTCHA_ROTATE_USER_AGENT,False
B08QRFZ6TH,True,True,True,True,True,True,False,True,True,3.8370442390441895,False,5,home_and_kitchen,SELENIUM_CAPTCHA_ROTATE_USER_AGENT,False
B0725WFLMB,False,True,True,False,True,True,True,True,True,4.143669843673706,False,6,home_and_kitchen,SELENIUM_CAPTCHA_ROTATE_USER_AGENT,False
B0B1CNJL7N,False,True,True,True,True,True,True,True,True,4.710406064987183,False,7,home_and_kitchen,SELENIUM_CAPTCHA_ROTATE_USER_AGENT,False
B00NX0WXQI,False,True,True,True,True,True,True,True,True,4.439996957778931,False,8,home_and_kitchen,SELENIUM_CAPTCHA_ROTATE_USER_AGENT,False
B01NBNDC1T,False,True,True,False,True,True,True,True,True,4.314715147018433,False,9,home_and_kitchen,SELENIUM_CAPTCHA_ROTATE_USER_AGENT,False
B01LYNW421,False,True,True,False,True,True,True,True,True,4.744099855422974,False,10,home_and_kitchen,SELENIUM_CAPTCHA_ROTATE_USER_AGENT,False
B0C3FTCYZL,False,True,True,False,True,True,True,True,True,4.406738758087158,False,11,home_and_kitchen,SELENIUM_CAPTCHA_ROTATE_USER_AGENT,False
B00FXNAAW2,False,True,True,True,True,True,True,True,True,3.6753268241882324,False,12,home_and_kitchen,SELENIUM_CAPTCHA_ROTATE_USER_AGENT,False
B0157T2ENY,False,True,True,True,True,True,True,True,True,4.735597848892212,False,13,home_and_kitchen,SELENIUM_CAPTCHA_ROTATE_USER_AGENT,False
B08BZFRQLS,False,True,True,True,True,True,True,True,True,4.178521156311035,False,14,home_and_kitchen,SELENIUM_CAPTCHA_ROTATE_USER_AGENT,False
B00E4GACB8,True,True,True,False,True,True,False,True,True,2.7898712158203125,False,15,home_and_kitchen,SELENIUM_CAPTCHA_ROTATE_USER_AGENT,False
B09D8T11YS,False,True,True,True,True,True,True,True,True,4.198312282562256,False,16,home_and_kitchen,SELENIUM_CAPTCHA_ROTATE_USER_AGENT,False
B07P5NBRL5,False,True,True,True,True,True,True,True,True,4.40851092338562,False,17,home_and_kitchen,SELENIUM_CAPTCHA_ROTATE_USER_AGENT,False
B0016HF5GK,True,True,True,True,True,True,False,True,True,3.6494569778442383,False,18,home_and_kitchen,SELENIUM_CAPTCHA_ROTATE_USER_AGENT,False
B07PCQKTCN,True,True,True,True,True,True,False,True,True,3.8196380138397217,False,19,home_and_kitchen,SELENIUM_CAPTCHA_ROTATE_USER_AGENT,False
B0CFGYFCYL,False,True,True,False,True,True,True,True,True,4.541149854660034,False,20,home_and_kitchen,SELENIUM_CAPTCHA_ROTATE_USER_AGENT,False
B07T869RNY,False,True,True,False,True,True,True,False,False,3.950378894805908,False,21,home_and_kitchen,SELENIUM_CAPTCHA_ROTATE_USER_AGENT,False
B00MRH9NCK,False,True,True,True,True,True,True,True,True,3.9926321506500244,False,22,home_and_kitchen,SELENIUM_CAPTCHA_ROTATE_USER_AGENT,False
B08CRPWQHB,False,True,True,True,True,True,True,True,True,3.9874680042266846,False,23,home_and_kitchen,SELENIUM_CAPTCHA_ROTATE_USER_AGENT,False
B01MRHXM0I,False,True,True,False,True,True,True,True,True,4.36246395111084,False,24,home_and_kitchen,SELENIUM_CAPTCHA_ROTATE_USER_AGENT,False
B0714K41PB,False,True,True,False,True,True,True,True,True,4.410609006881714,False,25,home_and_kitchen,SELENIUM_CAPTCHA_ROTATE_USER_AGENT,False
B01IE7P2VW,False,True,False,True,True,True,True,True,True,4.012934923171997,False,26,home_and_kitchen,SELENIUM_CAPTCHA_ROTATE_USER_AGENT,False
B09715G57M,False,True,True,True,True,True,True,True,True,4.233453035354614,False,27,home_and_kitchen,SELENIUM_CAPTCHA_ROTATE_USER_AGENT,False
B00U6HREPQ,False,True,True,True,True,True,True,True,True,4.254380941390991,False,28,home_and_kitchen,SELENIUM_CAPTCHA_ROTATE_USER_AGENT,False
B07VVK39F7,True,True,True,True,True,True,False,True,True,3.093654155731201,False,29,home_and_kitchen,SELENIUM_CAPTCHA_ROTATE_USER_AGENT,False
B007E83LUM,False,True,True,False,True,True,True,True,True,3.862429141998291,False,30,home_and_kitchen,SELENIUM_CAPTCHA_ROTATE_USER_AGENT,False
B08BBZKSTS,True,True,True,True,True,True,False,True,True,3.5065431594848633,False,31,home_and_kitchen,SELENIUM_CAPTCHA_ROTATE_USER_AGENT,False
B00NESCOY0,False,True,True,True,True,True,True,True,True,4.263271331787109,False,32,home_and_kitchen,SELENIUM_CAPTCHA_ROTATE_USER_AGENT,False
B07XXSYLL8,False,True,True,False,True,True,True,True,True,3.9848549365997314,False,33,home_and_kitchen,SELENIUM_CAPTCHA_ROTATE_USER_AGENT,False
B00S93EQUK,False,True,True,True,True,True,True,True,True,3.757045030593872,False,34,home_and_kitchen,SELENIUM_CAPTCHA_ROTATE_USER_AGENT,False
B0C2C9NHZW,False,True,True,True,True,True,True,True,True,4.052383184432983,False,35,home_and_kitchen,SELENIUM_CAPTCHA_ROTATE_USER_AGENT,False
B06X9NQ8GX,False,True,True,True,True,True,True,True,True,4.036775827407837,False,36,home_and_kitchen,SELENIUM_CAPTCHA_ROTATE_USER_AGENT,False
B00NLLUMOE,False,True,True,True,True,True,True,True,True,5.726024866104126,False,37,home_and_kitchen,SELENIUM_CAPTCHA_ROTATE_USER_AGENT,False
B0BLSCY6PR,False,True,True,True,True,True,True,True,True,3.9621119499206543,False,38,home_and_kitchen,SELENIUM_CAPTCHA_ROTATE_USER_AGENT,False
B0CGRGRXPY,False,True,True,True,True,True,True,True,True,4.122454881668091,False,39,home_and_kitchen,SELENIUM_CAPTCHA_ROTATE_USER_AGENT,False
B07WG18RLT,False,True,True,False,True,True,True,True,True,4.122119903564453,False,40,home_and_kitchen,SELENIUM_CAPTCHA_ROTATE_USER_AGENT,False
B0BPLB81LX,False,True,True,True,True,True,True,True,True,4.609906196594238,False,41,home_and_kitchen,SELENIUM_CAPTCHA_ROTATE_USER_AGENT,False
B07FPQZG6V,False,True,True,False,True,True,True,True,True,5.405102729797363,False,42,home_and_kitchen,SELENIUM_CAPTCHA_ROTATE_USER_AGENT,False
B08NJ6VF9T,True,True,True,True,True,True,False,True,True,3.1057910919189453,False,43,home_and_kitchen,SELENIUM_CAPTCHA_ROTATE_USER_AGENT,False
B0113UZJE2,False,True,True,False,True,True,True,True,True,3.690340995788574,False,44,home_and_kitchen,SELENIUM_CAPTCHA_ROTATE_USER_AGENT,False
B00LS9UD2M,False,True,True,True,True,True,True,True,True,3.9718880653381348,False,45,home_and_kitchen,SELENIUM_CAPTCHA_ROTATE_USER_AGENT,False
B0CBP8CL71,False,True,True,False,True,True,True,True,True,4.5594868659973145,False,46,home_and_kitchen,SELENIUM_CAPTCHA_ROTATE_USER_AGENT,False
B06X421WJ6,False,True,True,True,True,True,True,True,True,4.165663003921509,False,47,home_and_kitchen,SELENIUM_CAPTCHA_ROTATE_USER_AGENT,False
B08LBN2JPS,False,True,True,True,True,True,True,True,True,4.283067226409912,False,48,home_and_kitchen,SELENIUM_CAPTCHA_ROTATE_USER_AGENT,False
B0C3PDTYYX,False,True,True,False,True,True,True,True,True,3.601902961730957,False,49,home_and_kitchen,SELENIUM_CAPTCHA_ROTATE_USER_AGENT,False
B09T3T1FYN,False,True,True,False,True,True,True,True,True,4.79926609992981,False,50,home_and_kitchen,SELENIUM_CAPTCHA_ROTATE_USER_AGENT,False
B0C6FCKQML,False,True,True,False,True,True,True,True,True,4.101771116256714,False,51,home_and_kitchen,SELENIUM_CAPTCHA_ROTATE_USER_AGENT,False
B00730QW70,True,True,True,True,True,True,False,True,True,2.572075128555298,False,52,home_and_kitchen,SELENIUM_CAPTCHA_ROTATE_USER_AGENT,False
B08DTH86Q2,False,True,True,False,True,True,True,True,True,4.40939998626709,False,53,home_and_kitchen,SELENIUM_CAPTCHA_ROTATE_USER_AGENT,False
B081YQBPSS,False,True,True,True,True,True,True,True,True,3.498358964920044,False,54,home_and_kitchen,SELENIUM_CAPTCHA_ROTATE_USER_AGENT,False
B01H65F6A0,False,True,True,True,True,True,True,True,True,4.2480692863464355,False,55,home_and_kitchen,SELENIUM_CAPTCHA_ROTATE_USER_AGENT,False
B00S1TC442,False,True,True,True,True,True,True,True,True,4.040474891662598,False,56,home_and_kitchen,SELENIUM_CAPTCHA_ROTATE_USER_AGENT,False
B08KXKVT4K,False,True,True,True,True,True,True,True,True,4.137225151062012,False,57,home_and_kitchen,SELENIUM_CAPTCHA_ROTATE_USER_AGENT,False
B07VQZSLDW,False,True,True,True,True,True,True,True,True,4.47193717956543,False,58,home_and_kitchen,SELENIUM_CAPTCHA_ROTATE_USER_AGENT,False
B07NYR18X4,False,True,True,True,True,True,True,True,True,4.054633855819702,False,59,home_and_kitchen,SELENIUM_CAPTCHA_ROTATE_USER_AGENT,False
B08YDJS51B,True,True,True,True,True,True,False,True,True,3.059509038925171,False,60,home_and_kitchen,SELENIUM_CAPTCHA_ROTATE_USER_AGENT,False
B005BV0DD2,True,True,True,False,True,True,False,True,True,2.948725938796997,False,61,home_and_kitchen,SELENIUM_CAPTCHA_ROTATE_USER_AGENT,False
B07JMDYDVJ,True,True,True,False,True,True,False,True,True,2.750302314758301,False,62,home_and_kitchen,SELENIUM_CAPTCHA_ROTATE_USER_AGENT,False
B0CWRHLCBP,True,True,True,True,True,True,False,True,True,3.5100979804992676,False,63,home_and_kitchen,SELENIUM_CAPTCHA_ROTATE_USER_AGENT,False
B07XFQVN57,False,True,True,False,True,True,True,True,True,4.298191070556641,False,64,home_and_kitchen,SELENIUM_CAPTCHA_ROTATE_USER_AGENT,False
B07BYCHMVY,True,True,True,False,True,True,False,True,True,3.1688311100006104,False,65,home_and_kitchen,SELENIUM_CAPTCHA_ROTATE_USER_AGENT,False
B0C4Z6SKCS,True,True,True,False,True,True,False,True,True,2.9093286991119385,False,66,home_and_kitchen,SELENIUM_CAPTCHA_ROTATE_USER_AGENT,False
B0B7WQVYGF,False,True,True,True,True,True,True,True,True,4.094860076904297,False,67,home_and_kitchen,SELENIUM_CAPTCHA_ROTATE_USER_AGENT,False
B09K4SWZNY,True,True,True,False,True,True,False,True,True,2.8853759765625,False,68,home_and_kitchen,SELENIUM_CAPTCHA_ROTATE_USER_AGENT,False
B0BZR6YBHK,True,True,True,True,True,True,False,True,True,3.5233657360076904,False,69,home_and_kitchen,SELENIUM_CAPTCHA_ROTATE_USER_AGENT,False
B0973DGD8P,False,True,True,False,True,True,True,True,True,4.159376859664917,False,70,home_and_kitchen,SELENIUM_CAPTCHA_ROTATE_USER_AGENT,False
B092VC7VK2,True,True,True,False,True,True,False,True,True,2.9646670818328857,False,71,home_and_kitchen,SELENIUM_CAPTCHA_ROTATE_USER_AGENT,False
B073H8STZ7,False,True,True,True,True,True,True,True,True,4.715501070022583,False,72,home_and_kitchen,SELENIUM_CAPTCHA_ROTATE_USER_AGENT,False
B08HVJQ2YP,False,True,True,False,True,True,True,True,True,4.476548910140991,False,73,home_and_kitchen,SELENIUM_CAPTCHA_ROTATE_USER_AGENT,False
B07X3BX7WM,False,True,True,True,True,True,True,True,True,4.356606960296631,False,74,home_and_kitchen,SELENIUM_CAPTCHA_ROTATE_USER_AGENT,False
B00JH98GR4,False,True,True,True,True,True,True,True,True,4.1228928565979,False,75,home_and_kitchen,SELENIUM_CAPTCHA_ROTATE_USER_AGENT,False
B09NXMDPS1,False,True,True,True,True,True,True,True,True,4.117053985595703,False,76,home_and_kitchen,SELENIUM_CAPTCHA_ROTATE_USER_AGENT,False
B0BHBP1X1B,False,True,True,True,True,True,True,True,True,4.212432861328125,False,77,home_and_kitchen,SELENIUM_CAPTCHA_ROTATE_USER_AGENT,False
B078YD8YRD,False,True,True,False,True,True,True,True,True,3.852700710296631,False,78,home_and_kitchen,SELENIUM_CAPTCHA_ROTATE_USER_AGENT,False
B0158EQJSY,False,True,True,True,True,True,True,True,True,4.754958868026733,False,79,home_and_kitchen,SELENIUM_CAPTCHA_ROTATE_USER_AGENT,False
B0BNYR7MQV,False,True,True,True,True,True,True,True,True,4.155089855194092,False,80,home_and_kitchen,SELENIUM_CAPTCHA_ROTATE_USER_AGENT,False
B01M7WZFAS,False,True,True,True,True,True,True,True,True,3.434943914413452,False,81,home_and_kitchen,SELENIUM_CAPTCHA_ROTATE_USER_AGENT,False
B01NB05WI5,False,True,True,True,True,True,True,True,True,3.810649871826172,False,82,home_and_kitchen,SELENIUM_CAPTCHA_ROTATE_USER_AGENT,False
B0C9ZQ434J,False,True,True,True,True,True,True,True,True,4.420607089996338,False,83,home_and_kitchen,SELENIUM_CAPTCHA_ROTATE_USER_AGENT,False
B0CRQHVP6Q,False,True,True,False,True,True,True,True,False,4.133538246154785,False,84,home_and_kitchen,SELENIUM_CAPTCHA_ROTATE_USER_AGENT,False
B00IE76Q7M,False,True,True,False,True,True,True,True,True,2.819840908050537,False,85,home_and_kitchen,SELENIUM_CAPTCHA_ROTATE_USER_AGENT,False
B07ZSWRKZY,False,True,True,False,True,True,True,True,True,3.766080141067505,False,86,home_and_kitchen,SELENIUM_CAPTCHA_ROTATE_USER_AGENT,False
B0BN3Y8D9H,True,True,False,True,True,True,False,True,True,3.5298807621002197,False,87,home_and_kitchen,SELENIUM_CAPTCHA_ROTATE_USER_AGENT,False
B09WXZWSN3,False,True,True,True,True,True,True,True,True,3.5446338653564453,False,88,home_and_kitchen,SELENIUM_CAPTCHA_ROTATE_USER_AGENT,False
B0CQVWW5QK,False,True,True,True,True,True,True,True,True,3.9434680938720703,False,89,home_and_kitchen,SELENIUM_CAPTCHA_ROTATE_USER_AGENT,False
B09CYLZPYP,False,True,True,True,True,True,True,True,True,4.000188112258911,False,90,home_and_kitchen,SELENIUM_CAPTCHA_ROTATE_USER_AGENT,False
B00126IUZI,True,True,True,True,True,True,False,True,True,3.242497205734253,False,91,home_and_kitchen,SELENIUM_CAPTCHA_ROTATE_USER_AGENT,False
B097CZCDQG,True,True,True,False,True,True,False,True,True,3.3700637817382812,False,92,home_and_kitchen,SELENIUM_CAPTCHA_ROTATE_USER_AGENT,False
B0CQ8RSTC9,False,True,True,False,True,True,True,True,True,3.887986898422241,False,93,home_and_kitchen,SELENIUM_CAPTCHA_ROTATE_USER_AGENT,False
B0C294ZLTR,False,True,False,False,True,True,True,True,False,3.2978930473327637,False,94,home_and_kitchen,SELENIUM_CAPTCHA_ROTATE_USER_AGENT,False
B0764HS4SL,False,True,True,True,True,True,True,True,True,4.238654136657715,False,95,home_and_kitchen,SELENIUM_CAPTCHA_ROTATE_USER_AGENT,False
B00030L5HY,True,True,True,False,True,True,False,True,True,3.0376670360565186,False,96,home_and_kitchen,SELENIUM_CAPTCHA_ROTATE_USER_AGENT,False
B087JJ3M15,False,True,True,False,True,True,True,True,True,4.460450172424316,False,97,home_and_kitchen,SELENIUM_CAPTCHA_ROTATE_USER_AGENT,False
B0CJF94M8J,False,True,True,True,True,True,True,True,True,3.8919460773468018,False,98,home_and_kitchen,SELENIUM_CAPTCHA_ROTATE_USER_AGENT,False
B0BJL5MYG8,False,True,True,True,True,True,True,True,True,3.9676759243011475,False,99,home_and_kitchen,SELENIUM_CAPTCHA_ROTATE_USER_AGENT,False
B09TT9TFSN,False,True,True,True,True,True,True,True,True,3.927029848098755,False,100,home_and_kitchen,SELENIUM_CAPTCHA_ROTATE_USER_AGENT,False
B074PVTPBW,True,True,True,False,True,True,False,True,True,3.1753017902374268,False,101,beauty_and_personal_care,SELENIUM_CAPTCHA_ROTATE_USER_AGENT,False
B07PBXXNCY,False,True,True,False,True,True,True,True,True,4.224827766418457,False,102,beauty_and_personal_care,SELENIUM_CAPTCHA_ROTATE_USER_AGENT,False
B081KL2QYJ,True,True,True,False,True,True,False,True,True,2.7187600135803223,False,103,beauty_and_personal_care,SELENIUM_CAPTCHA_ROTATE_USER_AGENT,False
B08KT2Z93D,False,True,True,False,True,True,True,True,True,3.6333532333374023,False,104,beauty_and_personal_care,SELENIUM_CAPTCHA_ROTATE_USER_AGENT,False
B00U2VQZDS,False,True,True,False,True,True,True,True,True,4.287793874740601,False,105,beauty_and_personal_care,SELENIUM_CAPTCHA_ROTATE_USER_AGENT,False
B00T0C9XRK,False,True,True,False,True,True,True,True,True,3.077047109603882,False,106,beauty_and_personal_care,SELENIUM_CAPTCHA_ROTATE_USER_AGENT,False
B0B2RM68G2,False,True,True,False,True,True,True,True,True,4.015620946884155,False,107,beauty_and_personal_care,SELENIUM_CAPTCHA_ROTATE_USER_AGENT,False
B09541P9WH,False,True,True,False,True,True,True,True,True,3.4268312454223633,False,108,beauty_and_personal_care,SELENIUM_CAPTCHA_ROTATE_USER_AGENT,False
B00AINMFAC,True,True,True,False,True,True,False,True,True,3.3093719482421875,False,109,beauty_and_personal_care,SELENIUM_CAPTCHA_ROTATE_USER_AGENT,False
B01AXQP6AE,False,True,True,False,True,True,True,True,True,3.895991086959839,False,110,beauty_and_personal_care,SELENIUM_CAPTCHA_ROTATE_USER_AGENT,False
B0B9HMX9VC,True,True,True,False,False,True,False,True,True,3.5423500537872314,False,111,beauty_and_personal_care,SELENIUM_CAPTCHA_ROTATE_USER_AGENT,False
B01N9SPQHQ,True,True,True,False,False,True,False,True,True,3.208169937133789,False,112,beauty_and_personal_care,SELENIUM_CAPTCHA_ROTATE_USER_AGENT,False
B0CDH47BN9,False,True,True,False,True,True,True,True,True,3.91860294342041,False,113,beauty_and_personal_care,SELENIUM_CAPTCHA_ROTATE_USER_AGENT,False
B00MEDOY2G,False,True,True,False,True,True,True,True,True,4.137573003768921,False,114,beauty_and_personal_care,SELENIUM_CAPTCHA_ROTATE_USER_AGENT,False
B07N7PK9QK,True,True,True,False,True,True,False,True,True,3.1391849517822266,False,115,beauty_and_personal_care,SELENIUM_CAPTCHA_ROTATE_USER_AGENT,False
B09VFKGL92,False,True,True,True,True,True,True,True,True,3.910665988922119,False,116,beauty_and_personal_care,SELENIUM_CAPTCHA_ROTATE_USER_AGENT,False
B00TTD9BRC,False,True,True,False,True,True,True,True,True,4.012385129928589,False,117,beauty_and_personal_care,SELENIUM_CAPTCHA_ROTATE_USER_AGENT,False
B09542G9ZN,False,True,True,False,True,True,True,True,True,3.845410108566284,False,118,beauty_and_personal_care,SELENIUM_CAPTCHA_ROTATE_USER_AGENT,False
B08H3JPH74,False,True,True,False,True,True,True,True,True,3.7728631496429443,False,119,beauty_and_personal_care,SELENIUM_CAPTCHA_ROTATE_USER_AGENT,False
B0BT1WL6KY,False,True,True,False,True,True,True,True,True,4.01300311088562,False,120,beauty_and_personal_care,SELENIUM_CAPTCHA_ROTATE_USER_AGENT,False
B0787GLBMV,False,True,True,False,True,True,True,True,True,4.391206979751587,False,121,beauty_and_personal_care,SELENIUM_CAPTCHA_ROTATE_USER_AGENT,False
B00PBX3L7K,True,True,False,False,True,True,False,True,True,3.1419830322265625,False,122,beauty_and_personal_care,SELENIUM_CAPTCHA_ROTATE_USER_AGENT,False
B00949CTQQ,False,True,True,False,False,True,True,True,True,3.7425010204315186,False,123,beauty_and_personal_care,SELENIUM_CAPTCHA_ROTATE_USER_AGENT,False
B0BX2TZZWG,False,True,True,False,True,True,True,True,True,3.8189029693603516,False,124,beauty_and_personal_care,SELENIUM_CAPTCHA_ROTATE_USER_AGENT,False
B010GNWPMQ,False,True,True,False,True,True,True,True,True,3.5401947498321533,False,125,beauty_and_personal_care,SELENIUM_CAPTCHA_ROTATE_USER_AGENT,False
B07BMYD4NX,False,True,True,False,True,True,True,True,True,3.5375380516052246,False,126,beauty_and_personal_care,SELENIUM_CAPTCHA_ROTATE_USER_AGENT,False
B09MFMCTRK,False,True,True,False,True,True,True,True,True,3.9292378425598145,False,127,beauty_and_personal_care,SELENIUM_CAPTCHA_ROTATE_USER_AGENT,False
B07QZ5CTTF,True,True,True,False,True,True,False,True,True,2.8568272590637207,False,128,beauty_and_personal_care,SELENIUM_CAPTCHA_ROTATE_USER_AGENT,False
B07RK4HST7,False,True,True,False,True,True,True,True,True,4.068094253540039,False,129,beauty_and_personal_care,SELENIUM_CAPTCHA_ROTATE_USER_AGENT,False
B00SNPCSUY,False,True,True,False,True,True,True,True,True,3.9108238220214844,False,130,beauty_and_personal_care,SELENIUM_CAPTCHA_ROTATE_USER_AGENT,False
B01MSSDEPK,False,True,True,False,True,True,True,True,True,4.195563077926636,False,131,beauty_and_personal_care,SELENIUM_CAPTCHA_ROTATE_USER_AGENT,False
B08H4FSGDX,True,True,True,False,True,True,False,True,True,4.136831998825073,False,132,beauty_and_personal_care,SELENIUM_CAPTCHA_ROTATE_USER_AGENT,False
B09SP2XHKT,False,True,True,False,True,True,True,True,True,4.26872181892395,False,133,beauty_and_personal_care,SELENIUM_CAPTCHA_ROTATE_USER_AGENT,False
B01BMMOAFU,False,True,True,False,True,True,True,True,True,4.210892915725708,False,134,beauty_and_personal_care,SELENIUM_CAPTCHA_ROTATE_USER_AGENT,False
B0BVPNQW1C,False,True,True,False,True,True,True,True,True,3.770310163497925,False,135,beauty_and_personal_care,SELENIUM_CAPTCHA_ROTATE_USER_AGENT,False
B000IEMGGE,False,True,False,False,True,True,True,True,True,3.8305411338806152,False,136,beauty_and_personal_care,SELENIUM_CAPTCHA_ROTATE_USER_AGENT,False
B088W7L534,False,True,True,False,True,True,True,True,True,4.355675935745239,False,137,beauty_and_personal_care,SELENIUM_CAPTCHA_ROTATE_USER_AGENT,False
B0CMJXGCFQ,False,True,True,False,True,True,True,True,True,4.055486440658569,False,138,beauty_and_personal_care,SELENIUM_CAPTCHA_ROTATE_USER_AGENT,False
B004Y9GTOO,False,True,False,False,True,True,True,True,True,3.986698865890503,False,139,beauty_and_personal_care,SELENIUM_CAPTCHA_ROTATE_USER_AGENT,False
B079FV6PRH,False,True,True,False,True,True,True,True,True,3.812883138656616,False,140,beauty_and_personal_care,SELENIUM_CAPTCHA_ROTATE_USER_AGENT,False
B08SNSSTPZ,False,True,False,False,False,True,True,True,True,3.937713861465454,False,141,beauty_and_personal_care,SELENIUM_CAPTCHA_ROTATE_USER_AGENT,False
B000H3EO3O,False,True,True,False,True,True,True,True,True,3.9898769855499268,False,142,beauty_and_personal_care,SELENIUM_CAPTCHA_ROTATE_USER_AGENT,False
B07GKVBQDG,False,True,True,False,True,True,True,True,True,4.284470081329346,False,143,beauty_and_personal_care,SELENIUM_CAPTCHA_ROTATE_USER_AGENT,False
B0BLXZ4YBJ,False,True,False,False,False,True,True,True,True,3.2015762329101562,False,144,beauty_and_personal_care,SELENIUM_CAPTCHA_ROTATE_USER_AGENT,False
B01HTJTMF8,False,True,True,False,True,True,True,True,True,3.724161148071289,False,145,beauty_and_personal_care,SELENIUM_CAPTCHA_ROTATE_USER_AGENT,False
B09W18N3GT,True,True,True,False,False,True,False,True,True,2.647736072540283,False,146,beauty_and_personal_care,SELENIUM_CAPTCHA_ROTATE_USER_AGENT,False
B07GB3NVN1,False,True,True,False,True,True,True,True,True,4.113480806350708,False,147,beauty_and_personal_care,SELENIUM_CAPTCHA_ROTATE_USER_AGENT,False
B0054LHI5A,False,True,True,False,True,True,True,True,True,4.01800799369812,False,148,beauty_and_personal_care,SELENIUM_CAPTCHA_ROTATE_USER_AGENT,False
B06XF2TR11,False,True,True,False,True,True,True,True,True,3.823866128921509,False,149,beauty_and_personal_care,SELENIUM_CAPTCHA_ROTATE_USER_AGENT,False
B00WAJAKOU,False,True,True,True,True,True,True,True,True,4.018251895904541,False,150,beauty_and_personal_care,SELENIUM_CAPTCHA_ROTATE_USER_AGENT,False
B07MWSXPT1,False,True,True,False,True,True,True,True,True,4.1595048904418945,False,151,beauty_and_personal_care,SELENIUM_CAPTCHA_ROTATE_USER_AGENT,False
B085WR175L,False,True,True,False,True,True,True,True,True,3.4332728385925293,False,152,beauty_and_personal_care,SELENIUM_CAPTCHA_ROTATE_USER_AGENT,False
B08HYW2MKG,False,True,True,False,True,True,True,True,True,3.632138967514038,False,153,beauty_and_personal_care,SELENIUM_CAPTCHA_ROTATE_USER_AGENT,False
B000TG63EW,False,True,False,False,True,True,True,True,True,3.824652671813965,False,154,beauty_and_personal_care,SELENIUM_CAPTCHA_ROTATE_USER_AGENT,False
B00365DABC,False,True,True,False,True,True,True,True,True,3.981415033340454,False,155,beauty_and_personal_care,SELENIUM_CAPTCHA_ROTATE_USER_AGENT,False
B004WRCXRA,True,True,True,False,True,True,False,True,True,3.3736228942871094,False,156,beauty_and_personal_care,SELENIUM_CAPTCHA_ROTATE_USER_AGENT,False
B002RS6JSA,False,True,False,False,True,True,True,True,True,3.943129062652588,False,157,beauty_and_personal_care,SELENIUM_CAPTCHA_ROTATE_USER_AGENT,False
B0B9YDQTXN,False,True,True,False,True,True,True,True,True,3.487517833709717,False,158,beauty_and_personal_care,SELENIUM_CAPTCHA_ROTATE_USER_AGENT,False
B014E2D6BY,False,True,True,False,True,True,True,True,True,4.76319694519043,False,159,beauty_and_personal_care,SELENIUM_CAPTCHA_ROTATE_USER_AGENT,False
B0914XZT2W,True,True,False,False,True,True,False,True,True,2.8500890731811523,False,160,beauty_and_personal_care,SELENIUM_CAPTCHA_ROTATE_USER_AGENT,False
B07L1PHSY9,True,True,True,False,True,True,False,True,True,3.476177930831909,False,161,beauty_and_personal_care,SELENIUM_CAPTCHA_ROTATE_USER_AGENT,False
B01N34XW93,True,True,True,False,False,True,False,True,True,3.836599111557007,False,162,beauty_and_personal_care,SELENIUM_CAPTCHA_ROTATE_USER_AGENT,False
B0BN2PX8V3,False,True,False,False,True,True,True,True,True,3.7121150493621826,False,163,beauty_and_personal_care,SELENIUM_CAPTCHA_ROTATE_USER_AGENT,False
B01N1LL62W,False,True,True,False,True,True,True,True,True,3.939100742340088,False,164,beauty_and_personal_care,SELENIUM_CAPTCHA_ROTATE_USER_AGENT,False
B0BC29LL92,False,True,True,False,True,True,True,True,True,3.505082130432129,False,165,beauty_and_personal_care,SELENIUM_CAPTCHA_ROTATE_USER_AGENT,False
B00D13DGFY,True,True,False,False,True,True,False,True,True,3.299710988998413,False,166,beauty_and_personal_care,SELENIUM_CAPTCHA_ROTATE_USER_AGENT,False
B07DY2QRF6,False,True,True,False,False,True,True,True,True,4.150268077850342,False,167,beauty_and_personal_care,SELENIUM_CAPTCHA_ROTATE_USER_AGENT,False
B00SK71SAG,False,True,True,False,True,True,True,True,True,3.407827854156494,False,168,beauty_and_personal_care,SELENIUM_CAPTCHA_ROTATE_USER_AGENT,False
B085S8DGWT,True,True,True,False,True,True,False,True,True,3.1093943119049072,False,169,beauty_and_personal_care,SELENIUM_CAPTCHA_ROTATE_USER_AGENT,False
B01648QPVE,True,True,True,False,True,True,False,True,True,3.3748080730438232,False,170,beauty_and_personal_care,SELENIUM_CAPTCHA_ROTATE_USER_AGENT,False
B0BNLWJ6QJ,False,True,False,False,True,True,True,True,True,3.8152339458465576,False,171,beauty_and_personal_care,SELENIUM_CAPTCHA_ROTATE_USER_AGENT,False
B0BBSPM876,False,True,True,False,True,True,True,True,True,3.2941322326660156,False,172,beauty_and_personal_care,SELENIUM_CAPTCHA_ROTATE_USER_AGENT,False
B07SFL7FXJ,False,True,False,False,True,True,True,True,True,3.702281951904297,False,173,beauty_and_personal_care,SELENIUM_CAPTCHA_ROTATE_USER_AGENT,False
B00F97FHAW,False,True,True,False,True,True,True,True,True,3.851032018661499,False,174,beauty_and_personal_care,SELENIUM_CAPTCHA_ROTATE_USER_AGENT,False
B004BD107O,False,True,True,False,True,True,True,True,True,3.73404598236084,False,175,beauty_and_personal_care,SELENIUM_CAPTCHA_ROTATE_USER_AGENT,False
B0B6CMT476,True,True,True,False,True,True,False,True,True,3.1041500568389893,False,176,beauty_and_personal_care,SELENIUM_CAPTCHA_ROTATE_USER_AGENT,False
B005G9E9AW,False,True,True,False,True,True,True,True,True,5.011210918426514,False,177,beauty_and_personal_care,SELENIUM_CAPTCHA_ROTATE_USER_AGENT,False
B07GRD5WLD,False,True,True,False,True,True,True,True,True,3.4175779819488525,False,178,beauty_and_personal_care,SELENIUM_CAPTCHA_ROTATE_USER_AGENT,False
B074Y8LM6T,False,True,True,False,True,True,True,True,True,3.749182939529419,False,179,beauty_and_personal_care,SELENIUM_CAPTCHA_ROTATE_USER_AGENT,False
B08CQ9T6KN,False,True,True,False,True,True,True,True,True,3.9674670696258545,False,180,beauty_and_personal_care,SELENIUM_CAPTCHA_ROTATE_USER_AGENT,False
B01M4MCUAF,True,True,False,False,True,True,False,True,True,4.098965883255005,False,181,beauty_and_personal_care,SELENIUM_CAPTCHA_ROTATE_USER_AGENT,False
B08V3JGB1F,False,True,False,False,True,True,True,True,True,4.050844192504883,False,182,beauty_and_personal_care,SELENIUM_CAPTCHA_ROTATE_USER_AGENT,False
B004INIW1Y,True,True,True,False,True,True,False,True,True,3.390758752822876,False,183,beauty_and_personal_care,SELENIUM_CAPTCHA_ROTATE_USER_AGENT,False
B07VRFC3Y7,False,True,True,False,True,True,True,True,True,3.4126532077789307,False,184,beauty_and_personal_care,SELENIUM_CAPTCHA_ROTATE_USER_AGENT,False
B097CNMZF5,False,True,True,False,True,True,True,True,True,3.6328399181365967,False,185,beauty_and_personal_care,SELENIUM_CAPTCHA_ROTATE_USER_AGENT,False
B017PCGABI,False,True,True,False,True,True,True,True,True,4.26615309715271,False,186,beauty_and_personal_care,SELENIUM_CAPTCHA_ROTATE_USER_AGENT,False
B08BW46XXK,False,True,True,False,True,True,True,True,True,3.92576265335083,False,187,beauty_and_personal_care,SELENIUM_CAPTCHA_ROTATE_USER_AGENT,False
B01N7T7JKJ,True,True,True,False,False,True,False,True,True,4.167780876159668,False,188,beauty_and_personal_care,SELENIUM_CAPTCHA_ROTATE_USER_AGENT,False
B01LW1983J,False,True,True,False,True,True,True,True,True,3.1823770999908447,False,189,beauty_and_personal_care,SELENIUM_CAPTCHA_ROTATE_USER_AGENT,False
B002MSN3QQ,False,True,False,False,False,True,True,True,True,3.9166269302368164,False,190,beauty_and_personal_care,SELENIUM_CAPTCHA_ROTATE_USER_AGENT,False
B08N1CWL7S,False,True,True,False,True,True,True,True,True,2.9778618812561035,False,191,beauty_and_personal_care,SELENIUM_CAPTCHA_ROTATE_USER_AGENT,False
B073CWSQ51,False,True,False,False,False,True,True,True,True,3.7378458976745605,False,192,beauty_and_personal_care,SELENIUM_CAPTCHA_ROTATE_USER_AGENT,False
B07X6HCLK2,True,True,True,False,True,True,False,True,True,3.1770098209381104,False,193,beauty_and_personal_care,SELENIUM_CAPTCHA_ROTATE_USER_AGENT,False
B01I2ZQJSG,False,True,True,False,True,True,True,True,True,4.2425758838653564,False,194,beauty_and_personal_care,SELENIUM_CAPTCHA_ROTATE_USER_AGENT,False
B075JRT85B,False,True,True,False,True,True,True,True,True,3.839329957962036,False,195,beauty_and_personal_care,SELENIUM_CAPTCHA_ROTATE_USER_AGENT,False
B006IB5T4W,True,True,True,False,True,True,False,True,True,3.500802993774414,False,196,beauty_and_personal_care,SELENIUM_CAPTCHA_ROTATE_USER_AGENT,False
B00IGJ1XOO,False,True,True,False,True,True,True,True,True,3.941120147705078,False,197,beauty_and_personal_care,SELENIUM_CAPTCHA_ROTATE_USER_AGENT,False
B0CLX1HQ17,False,True,True,False,True,True,True,True,True,4.1659440994262695,False,198,beauty_and_personal_care,SELENIUM_CAPTCHA_ROTATE_USER_AGENT,False
B09LCMQM44,False,True,False,False,True,True,True,True,True,3.836609125137329,False,199,beauty_and_personal_care,SELENIUM_CAPTCHA_ROTATE_USER_AGENT,False
B0BVV8BNYJ,False,True,True,False,True,True,True,True,True,3.3198580741882324,False,200,beauty_and_personal_care,SELENIUM_CAPTCHA_ROTATE_USER_AGENT,False
B00JUM2VAQ,False,True,False,False,False,True,False,True,True,3.448570966720581,False,201,clothing_shoes_jewelry,SELENIUM_CAPTCHA_ROTATE_USER_AGENT,False
B07M989JLF,False,True,False,False,False,True,False,True,True,3.5830190181732178,False,202,clothing_shoes_jewelry,SELENIUM_CAPTCHA_ROTATE_USER_AGENT,False
B01L8JJ57U,False,True,False,False,False,True,False,True,True,3.026993751525879,False,203,clothing_shoes_jewelry,SELENIUM_CAPTCHA_ROTATE_USER_AGENT,False
B08YHLVJN3,False,True,False,False,False,True,False,True,True,2.8681869506835938,False,204,clothing_shoes_jewelry,SELENIUM_CAPTCHA_ROTATE_USER_AGENT,False
B0C26RWFYK,False,True,False,False,False,True,False,True,True,3.3970539569854736,False,205,clothing_shoes_jewelry,SELENIUM_CAPTCHA_ROTATE_USER_AGENT,False
B0C65WCS8R,False,True,False,False,False,True,False,True,True,2.6689131259918213,False,206,clothing_shoes_jewelry,SELENIUM_CAPTCHA_ROTATE_USER_AGENT,False
B0CR5SLZ2D,False,True,False,False,False,True,False,True,True,2.5754401683807373,False,207,clothing_shoes_jewelry,SELENIUM_CAPTCHA_ROTATE_USER_AGENT,False
B08YS526MS,False,True,False,False,False,True,False,True,True,2.7157840728759766,False,208,clothing_shoes_jewelry,SELENIUM_CAPTCHA_ROTATE_USER_AGENT,False
B0145JTWFU,False,True,False,False,False,True,False,True,True,2.5075080394744873,False,209,clothing_shoes_jewelry,SELENIUM_CAPTCHA_ROTATE_USER_AGENT,False
B0014C0LUC,False,True,False,False,False,True,False,True,True,3.157341241836548,False,210,clothing_shoes_jewelry,SELENIUM_CAPTCHA_ROTATE_USER_AGENT,False
B07HQM6NH8,False,True,False,False,False,True,False,True,True,4.477975845336914,False,211,clothing_shoes_jewelry,SELENIUM_CAPTCHA_ROTATE_USER_AGENT,False
B0761ZJGDK,False,True,False,False,False,True,False,True,True,2.884024143218994,False,212,clothing_shoes_jewelry,SELENIUM_CAPTCHA_ROTATE_USER_AGENT,False
B08YGTLS7P,False,True,False,False,False,True,False,True,True,2.670604705810547,False,213,clothing_shoes_jewelry,SELENIUM_CAPTCHA_ROTATE_USER_AGENT,False
B07NV4JGTG,False,True,False,False,False,True,True,True,True,3.3118979930877686,False,214,clothing_shoes_jewelry,SELENIUM_CAPTCHA_ROTATE_USER_AGENT,False
B00W66LQFO,False,True,False,False,False,True,False,True,True,2.8775858879089355,False,215,clothing_shoes_jewelry,SELENIUM_CAPTCHA_ROTATE_USER_AGENT,False
B086KSDTQ4,False,True,False,False,False,True,False,True,True,2.636303186416626,False,216,clothing_shoes_jewelry,SELENIUM_CAPTCHA_ROTATE_USER_AGENT,False
B0CM8MM85L,False,True,False,False,False,True,False,True,False,2.8145110607147217,False,217,clothing_shoes_jewelry,SELENIUM_CAPTCHA_ROTATE_USER_AGENT,False
B0BCPJ9BQF,False,True,False,False,False,True,False,True,True,3.2621800899505615,False,218,clothing_shoes_jewelry,SELENIUM_CAPTCHA_ROTATE_USER_AGENT,False
B00JUM4CT4,False,True,False,False,False,True,False,True,True,2.9976203441619873,False,219,clothing_shoes_jewelry,SELENIUM_CAPTCHA_ROTATE_USER_AGENT,False
B09P1GB319,False,True,False,False,False,True,False,True,True,2.6851160526275635,False,220,clothing_shoes_jewelry,SELENIUM_CAPTCHA_ROTATE_USER_AGENT,False
B09JFV7HHY,False,True,False,False,False,True,False,True,True,3.0393331050872803,False,221,clothing_shoes_jewelry,SELENIUM_CAPTCHA_ROTATE_USER_AGENT,False
B076CBMZGK,False,True,False,False,False,True,False,True,True,2.8190929889678955,False,222,clothing_shoes_jewelry,SELENIUM_CAPTCHA_ROTATE_USER_AGENT,False
B004QF0TFQ,False,True,False,False,False,True,False,True,True,2.572416067123413,False,223,clothing_shoes_jewelry,SELENIUM_CAPTCHA_ROTATE_USER_AGENT,False
B0D4F6MNQW,False,True,False,False,False,True,False,True,True,2.932352066040039,False,224,clothing_shoes_jewelry,SELENIUM_CAPTCHA_ROTATE_USER_AGENT,False
B000C4UATA,False,True,False,False,False,True,False,True,True,2.545809030532837,False,225,clothing_shoes_jewelry,SELENIUM_CAPTCHA_ROTATE_USER_AGENT,False
B08YHBW4J5,False,True,False,False,False,True,False,True,True,2.850032091140747,False,226,clothing_shoes_jewelry,SELENIUM_CAPTCHA_ROTATE_USER_AGENT,False
B07JCS8NRC,False,True,False,False,False,True,False,True,True,2.7638988494873047,False,227,clothing_shoes_jewelry,SELENIUM_CAPTCHA_ROTATE_USER_AGENT,False
B0C3QS2K65,False,True,False,False,False,True,False,True,True,3.258073091506958,False,228,clothing_shoes_jewelry,SELENIUM_CAPTCHA_ROTATE_USER_AGENT,False
B07MKKQ8QP,False,True,False,False,False,True,False,True,True,3.188572883605957,False,229,clothing_shoes_jewelry,SELENIUM_CAPTCHA_ROTATE_USER_AGENT,False
B07GVDVLCD,False,True,False,False,False,True,False,True,True,2.3032541275024414,False,230,clothing_shoes_jewelry,SELENIUM_CAPTCHA_ROTATE_USER_AGENT,False
B01LXJZAOR,False,True,False,False,False,True,False,True,True,2.3926053047180176,False,231,clothing_shoes_jewelry,SELENIUM_CAPTCHA_ROTATE_USER_AGENT,False
B09JVQQ99K,False,True,False,False,False,True,True,True,True,3.902292013168335,False,232,clothing_shoes_jewelry,SELENIUM_CAPTCHA_ROTATE_USER_AGENT,False
B0BB7SP83Z,False,True,False,False,False,True,False,True,True,3.133419990539551,False,233,clothing_shoes_jewelry,SELENIUM_CAPTCHA_ROTATE_USER_AGENT,False
B09HC6P2BT,False,True,False,False,False,True,False,True,True,2.7791988849639893,False,234,clothing_shoes_jewelry,SELENIUM_CAPTCHA_ROTATE_USER_AGENT,False
B0D77K99ZR,False,True,False,False,False,True,False,True,False,2.629751205444336,False,235,clothing_shoes_jewelry,SELENIUM_CAPTCHA_ROTATE_USER_AGENT,False
B0BFL5MKKC,False,True,False,False,False,True,False,True,True,2.8659911155700684,False,236,clothing_shoes_jewelry,SELENIUM_CAPTCHA_ROTATE_USER_AGENT,False
B08L8DL3RX,False,True,False,False,False,True,False,True,True,2.5787999629974365,False,237,clothing_shoes_jewelry,SELENIUM_CAPTCHA_ROTATE_USER_AGENT,False
B00NOY3JOS,False,True,False,False,False,True,False,True,True,3.109052896499634,False,238,clothing_shoes_jewelry,SELENIUM_CAPTCHA_ROTATE_USER_AGENT,False
B08XXMQ32C,False,True,False,False,False,True,False,True,True,2.534982919692993,False,239,clothing_shoes_jewelry,SELENIUM_CAPTCHA_ROTATE_USER_AGENT,False
B075ZZF47B,False,True,False,False,False,True,False,True,True,3.69004487991333,False,240,clothing_shoes_jewelry,SELENIUM_CAPTCHA_ROTATE_USER_AGENT,False
B0BVFDH9CP,False,True,False,False,False,True,False,True,True,2.789017677307129,False,241,clothing_shoes_jewelry,SELENIUM_CAPTCHA_ROTATE_USER_AGENT,False
B07LGVSPKF,False,True,False,False,False,True,False,True,True,3.0692601203918457,False,242,clothing_shoes_jewelry,SELENIUM_CAPTCHA_ROTATE_USER_AGENT,False
B0000ANHT7,False,True,False,False,False,True,False,True,True,3.2007930278778076,False,243,clothing_shoes_jewelry,SELENIUM_CAPTCHA_ROTATE_USER_AGENT,False
B001PU9A9Q,False,True,False,False,False,True,False,True,True,2.5324013233184814,False,244,clothing_shoes_jewelry,SELENIUM_CAPTCHA_ROTATE_USER_AGENT,False
B01MSVTHDP,False,True,False,False,False,True,False,True,True,3.079752206802368,False,245,clothing_shoes_jewelry,SELENIUM_CAPTCHA_ROTATE_USER_AGENT,False
B01HAGXX8C,False,True,False,False,False,True,True,True,True,3.5321388244628906,False,246,clothing_shoes_jewelry,SELENIUM_CAPTCHA_ROTATE_USER_AGENT,False
B07YNXVGPD,False,True,False,False,False,True,False,True,True,2.413815975189209,False,247,clothing_shoes_jewelry,SELENIUM_CAPTCHA_ROTATE_USER_AGENT,False
B01HMH57CO,False,True,False,False,False,True,True,True,True,2.9532148838043213,False,248,clothing_shoes_jewelry,SELENIUM_CAPTCHA_ROTATE_USER_AGENT,False
B0C7KBZXL6,False,True,False,False,False,True,False,True,True,3.028143882751465,False,249,clothing_shoes_jewelry,SELENIUM_CAPTCHA_ROTATE_USER_AGENT,False
B0BW93QZK5,False,True,False,False,False,True,False,True,True,2.8502352237701416,False,250,clothing_shoes_jewelry,SELENIUM_CAPTCHA_ROTATE_USER_AGENT,False
B01M1OM3NU,False,True,False,False,False,True,False,True,True,3.2702038288116455,False,251,clothing_shoes_jewelry,SELENIUM_CAPTCHA_ROTATE_USER_AGENT,False
B0169P8TGQ,False,True,False,False,False,True,False,True,True,2.7896430492401123,False,252,clothing_shoes_jewelry,SELENIUM_CAPTCHA_ROTATE_USER_AGENT,False
B086YMWQPC,False,True,False,False,False,True,False,True,True,2.6693131923675537,False,253,clothing_shoes_jewelry,SELENIUM_CAPTCHA_ROTATE_USER_AGENT,False
B079GTQGTL,False,True,False,False,False,True,False,True,True,2.725385904312134,False,254,clothing_shoes_jewelry,SELENIUM_CAPTCHA_ROTATE_USER_AGENT,False
B0B3TK8ZL9,False,True,False,False,False,True,False,True,True,2.661623001098633,False,255,clothing_shoes_jewelry,SELENIUM_CAPTCHA_ROTATE_USER_AGENT,False
B014FALWES,False,True,False,False,False,True,False,True,True,2.624271869659424,False,256,clothing_shoes_jewelry,SELENIUM_CAPTCHA_ROTATE_USER_AGENT,False
B071ZH5Y4V,False,True,False,False,False,True,False,True,True,2.9185519218444824,False,257,clothing_shoes_jewelry,SELENIUM_CAPTCHA_ROTATE_USER_AGENT,False
B008YA0Z44,False,True,False,False,False,True,False,True,True,2.6587419509887695,False,258,clothing_shoes_jewelry,SELENIUM_CAPTCHA_ROTATE_USER_AGENT,False
B076P5M7WD,False,True,False,False,False,True,True,True,True,3.5658130645751953,False,259,clothing_shoes_jewelry,SELENIUM_CAPTCHA_ROTATE_USER_AGENT,False
B08D11NP71,False,True,False,False,False,True,False,True,True,2.7976479530334473,False,260,clothing_shoes_jewelry,SELENIUM_CAPTCHA_ROTATE_USER_AGENT,False
B01K2CMFVM,True,True,False,False,False,True,False,True,True,3.3829970359802246,False,261,clothing_shoes_jewelry,SELENIUM_CAPTCHA_ROTATE_USER_AGENT,False
B0BRMV3N9R,False,True,False,False,False,True,False,False,False,2.2892332077026367,False,262,clothing_shoes_jewelry,SELENIUM_CAPTCHA_ROTATE_USER_AGENT,False
B0B1HR89H4,False,True,False,False,False,True,False,True,True,2.61021089553833,False,263,clothing_shoes_jewelry,SELENIUM_CAPTCHA_ROTATE_USER_AGENT,False
B086Z2WR6Y,True,True,False,False,False,True,False,True,True,2.758071184158325,False,264,clothing_shoes_jewelry,SELENIUM_CAPTCHA_ROTATE_USER_AGENT,False
B00T7TXS2W,False,True,False,False,False,True,False,True,True,2.8141069412231445,False,265,clothing_shoes_jewelry,SELENIUM_CAPTCHA_ROTATE_USER_AGENT,False
B0BS6G9WG6,False,True,False,False,False,True,False,True,True,2.820282220840454,False,266,clothing_shoes_jewelry,SELENIUM_CAPTCHA_ROTATE_USER_AGENT,False
B0BHV8PQ2K,False,True,False,False,False,True,False,True,True,2.4798290729522705,False,267,clothing_shoes_jewelry,SELENIUM_CAPTCHA_ROTATE_USER_AGENT,False
B013YRRFJ4,True,True,False,False,False,True,False,True,True,2.8357460498809814,False,268,clothing_shoes_jewelry,SELENIUM_CAPTCHA_ROTATE_USER_AGENT,False
B00NOU54XG,False,True,False,False,False,True,False,True,True,2.8948071002960205,False,269,clothing_shoes_jewelry,SELENIUM_CAPTCHA_ROTATE_USER_AGENT,False
B08DTMMTJW,False,True,False,False,False,True,False,True,True,2.4248199462890625,False,270,clothing_shoes_jewelry,SELENIUM_CAPTCHA_ROTATE_USER_AGENT,False
B0C6T9PXMW,False,True,False,False,False,True,False,True,False,2.804988145828247,False,271,clothing_shoes_jewelry,SELENIUM_CAPTCHA_ROTATE_USER_AGENT,False
B079PL1L5G,False,True,False,False,False,True,False,True,True,2.8844611644744873,False,272,clothing_shoes_jewelry,SELENIUM_CAPTCHA_ROTATE_USER_AGENT,False
B0D4ZG9SCS,False,True,False,False,False,True,False,True,False,2.796750068664551,False,273,clothing_shoes_jewelry,SELENIUM_CAPTCHA_ROTATE_USER_AGENT,False
B0C26RYQ7S,False,True,False,False,False,True,False,True,False,2.3096282482147217,False,274,clothing_shoes_jewelry,SELENIUM_CAPTCHA_ROTATE_USER_AGENT,False
B0007YXTRA,False,True,False,False,False,True,False,True,True,3.0009920597076416,False,275,clothing_shoes_jewelry,SELENIUM_CAPTCHA_ROTATE_USER_AGENT,False
B07M61KYWL,False,True,False,False,False,True,False,True,True,3.1400227546691895,False,276,clothing_shoes_jewelry,SELENIUM_CAPTCHA_ROTATE_USER_AGENT,False
B0BW2XQCQQ,False,True,False,False,False,True,False,True,True,2.8476920127868652,False,277,clothing_shoes_jewelry,SELENIUM_CAPTCHA_ROTATE_USER_AGENT,False
B07XL8N5G2,False,True,False,False,False,True,False,True,True,2.309077024459839,False,278,clothing_shoes_jewelry,SELENIUM_CAPTCHA_ROTATE_USER_AGENT,False
B09643QGPD,False,True,False,False,False,True,False,True,True,2.893646001815796,False,279,clothing_shoes_jewelry,SELENIUM_CAPTCHA_ROTATE_USER_AGENT,False
B08FCWWZ9B,False,True,False,False,False,True,False,True,True,2.6429929733276367,False,280,clothing_shoes_jewelry,SELENIUM_CAPTCHA_ROTATE_USER_AGENT,False
B00MDZWPEO,False,True,False,False,False,True,False,True,True,2.4188718795776367,False,281,clothing_shoes_jewelry,SELENIUM_CAPTCHA_ROTATE_USER_AGENT,False
B073R22ZV9,False,True,False,False,True,True,True,True,True,5.26843786239624,False,282,clothing_shoes_jewelry,SELENIUM_CAPTCHA_ROTATE_USER_AGENT,False
B09R82W413,False,True,False,False,False,True,False,True,True,2.8233189582824707,False,283,clothing_shoes_jewelry,SELENIUM_CAPTCHA_ROTATE_USER_AGENT,False
B0CYZM5RSM,False,True,False,False,False,True,False,True,False,2.895718812942505,False,284,clothing_shoes_jewelry,SELENIUM_CAPTCHA_ROTATE_USER_AGENT,False
B00WE4GN0G,False,True,False,False,False,True,False,True,True,3.080596923828125,False,285,clothing_shoes_jewelry,SELENIUM_CAPTCHA_ROTATE_USER_AGENT,False
B09QMPYRB7,False,True,False,False,False,True,True,True,True,3.5587847232818604,False,286,clothing_shoes_jewelry,SELENIUM_CAPTCHA_ROTATE_USER_AGENT,False
B0BV9YW7D4,False,True,False,False,False,True,False,True,False,2.8263580799102783,False,287,clothing_shoes_jewelry,SELENIUM_CAPTCHA_ROTATE_USER_AGENT,False
B07543D21Q,False,True,False,False,True,True,False,True,True,3.389652967453003,False,288,clothing_shoes_jewelry,SELENIUM_CAPTCHA_ROTATE_USER_AGENT,False
B000J176KW,False,True,False,False,False,True,False,True,True,2.5709056854248047,False,289,clothing_shoes_jewelry,SELENIUM_CAPTCHA_ROTATE_USER_AGENT,False
B071DVQLT2,False,True,False,False,False,True,False,True,True,3.213085889816284,False,290,clothing_shoes_jewelry,SELENIUM_CAPTCHA_ROTATE_USER_AGENT,False
B00ZUNGRD6,False,True,False,False,False,True,False,True,True,3.0418341159820557,False,291,clothing_shoes_jewelry,SELENIUM_CAPTCHA_ROTATE_USER_AGENT,False
B0CNRT9YBL,False,True,False,True,True,True,True,True,False,3.5303001403808594,False,292,clothing_shoes_jewelry,SELENIUM_CAPTCHA_ROTATE_USER_AGENT,False
B06Y1RWZTG,False,True,False,False,False,True,False,True,True,2.9859061241149902,False,293,clothing_shoes_jewelry,SELENIUM_CAPTCHA_ROTATE_USER_AGENT,False
B000NZVQIM,False,True,False,False,False,True,False,True,True,3.442976951599121,False,294,clothing_shoes_jewelry,SELENIUM_CAPTCHA_ROTATE_USER_AGENT,False
B000N8Q4XG,False,True,False,False,False,True,False,True,True,2.6704161167144775,False,295,clothing_shoes_jewelry,SELENIUM_CAPTCHA_ROTATE_USER_AGENT,False
B086Y87C1H,False,True,False,False,False,True,False,True,True,3.2932798862457275,False,296,clothing_shoes_jewelry,SELENIUM_CAPTCHA_ROTATE_USER_AGENT,False
B07GDRLQMS,False,True,False,False,False,True,False,True,True,2.849170207977295,False,297,clothing_shoes_jewelry,SELENIUM_CAPTCHA_ROTATE_USER_AGENT,False
B098XBK5WX,False,True,False,False,False,True,False,True,True,2.3819119930267334,False,298,clothing_shoes_jewelry,SELENIUM_CAPTCHA_ROTATE_USER_AGENT,False
B07F685NJ8,False,True,False,False,False,True,False,True,True,3.2029731273651123,False,299,clothing_shoes_jewelry,SELENIUM_CAPTCHA_ROTATE_USER_AGENT,False
B08Q3FTQMK,False,True,False,False,False,True,False,True,True,3.1533126831054688,False,300,clothing_shoes_jewelry,SELENIUM_CAPTCHA_ROTATE_USER_AGENT,False
B0BQZFVJTB,False,True,False,False,True,True,True,True,True,5.407622814178467,False,301,toys_and_games,SELENIUM_CAPTCHA_ROTATE_USER_AGENT,False
B087N9N6HH,False,True,True,False,True,True,True,True,True,4.039136171340942,False,302,toys_and_games,SELENIUM_CAPTCHA_ROTATE_USER_AGENT,False
B00N1QPNMA,False,True,True,True,True,True,True,True,True,4.2019219398498535,False,303,toys_and_games,SELENIUM_CAPTCHA_ROTATE_USER_AGENT,False
B07B6ZN7P8,False,True,False,False,True,True,True,True,True,4.280908107757568,False,304,toys_and_games,SELENIUM_CAPTCHA_ROTATE_USER_AGENT,False
B09Z6LJFX4,False,True,False,False,False,True,True,True,True,3.5048110485076904,False,305,toys_and_games,SELENIUM_CAPTCHA_ROTATE_USER_AGENT,False
B0BBKW5G1T,False,True,True,True,True,True,True,True,True,3.7696750164031982,False,306,toys_and_games,SELENIUM_CAPTCHA_ROTATE_USER_AGENT,False
B0CX24138S,False,True,False,False,True,True,True,True,False,3.517873764038086,False,307,toys_and_games,SELENIUM_CAPTCHA_ROTATE_USER_AGENT,False
B09SDKSXLZ,False,True,False,False,True,True,True,True,True,4.320718050003052,False,308,toys_and_games,SELENIUM_CAPTCHA_ROTATE_USER_AGENT,False
B09Q4BC1CJ,False,True,False,False,True,True,True,True,True,3.674139976501465,False,309,toys_and_games,SELENIUM_CAPTCHA_ROTATE_USER_AGENT,False
B00JM5GW10,False,True,True,False,True,True,True,True,True,4.004273176193237,False,310,toys_and_games,SELENIUM_CAPTCHA_ROTATE_USER_AGENT,False
B0BDQLJMFV,False,True,False,True,True,True,True,True,True,4.035192966461182,False,311,toys_and_games,SELENIUM_CAPTCHA_ROTATE_USER_AGENT,False
B07W5QM4DP,False,True,False,True,True,True,False,True,True,4.09449315071106,False,312,toys_and_games,SELENIUM_CAPTCHA_ROTATE_USER_AGENT,False
B0CSJQHF6W,False,True,False,False,True,True,True,True,False,3.8720481395721436,False,313,toys_and_games,SELENIUM_CAPTCHA_ROTATE_USER_AGENT,False
B09PGVGCH5,False,True,True,True,True,True,True,True,True,4.4529900550842285,False,314,toys_and_games,SELENIUM_CAPTCHA_ROTATE_USER_AGENT,False
B0B6B25BKW,True,True,False,False,True,True,False,True,False,3.3685989379882812,False,315,toys_and_games,SELENIUM_CAPTCHA_ROTATE_USER_AGENT,False
B0CV2MJYHJ,True,True,False,False,True,True,False,True,False,4.17782187461853,False,316,toys_and_games,SELENIUM_CAPTCHA_ROTATE_USER_AGENT,False
B09NRS8C5Y,False,True,True,False,True,True,True,True,True,3.96907114982605,False,317,toys_and_games,SELENIUM_CAPTCHA_ROTATE_USER_AGENT,False
B0BRQSHRKR,False,False,False,False,False,False,False,False,False,0.2998981475830078,True,318,toys_and_games,SELENIUM_CAPTCHA_ROTATE_USER_AGENT,False
B0BWR49R77,False,True,True,True,True,True,True,True,True,3.537768840789795,False,319,toys_and_games,SELENIUM_CAPTCHA_ROTATE_USER_AGENT,False
B0CMQFBWZP,False,False,False,False,False,False,False,False,False,0.38184118270874023,True,320,toys_and_games,SELENIUM_CAPTCHA_ROTATE_USER_AGENT,False
B09GWCRSQV,False,True,True,True,True,True,True,True,True,3.936453104019165,False,321,toys_and_games,SELENIUM_CAPTCHA_ROTATE_USER_AGENT,False
B007GE75HY,False,True,False,False,True,True,True,True,True,4.088609933853149,False,322,toys_and_games,SELENIUM_CAPTCHA_ROTATE_USER_AGENT,False
B0BWDWNH5G,True,True,True,False,True,True,False,True,True,3.3924880027770996,False,323,toys_and_games,SELENIUM_CAPTCHA_ROTATE_USER_AGENT,False
B0D9LY4LSW,False,True,False,True,True,True,True,True,False,2.948690891265869,False,324,toys_and_games,SELENIUM_CAPTCHA_ROTATE_USER_AGENT,False
B00I3K25R0,False,True,False,False,True,True,True,True,True,3.880882978439331,False,325,toys_and_games,SELENIUM_CAPTCHA_ROTATE_USER_AGENT,False
B00NHQFA1I,False,True,False,False,True,True,True,True,True,4.123991966247559,False,326,toys_and_games,SELENIUM_CAPTCHA_ROTATE_USER_AGENT,False
B07NXDJ52C,False,True,False,False,True,True,True,True,True,3.896038293838501,False,327,toys_and_games,SELENIUM_CAPTCHA_ROTATE_USER_AGENT,False
B0BQRWBSCK,False,True,False,False,False,True,True,True,False,3.3074522018432617,False,328,toys_and_games,SELENIUM_CAPTCHA_ROTATE_USER_AGENT,False
B0CGV5K97C,False,True,True,True,True,True,True,True,True,4.16646409034729,False,329,toys_and_games,SELENIUM_CAPTCHA_ROTATE_USER_AGENT,False
B09YG8LFGZ,False,True,False,False,True,True,True,True,True,3.7224948406219482,False,330,toys_and_games,SELENIUM_CAPTCHA_ROTATE_USER_AGENT,False
B07FXQ51BQ,False,True,False,False,False,True,True,True,False,2.618881940841675,False,331,toys_and_games,SELENIUM_CAPTCHA_ROTATE_USER_AGENT,False
B09T6QFR2J,False,True,False,True,True,True,True,True,True,3.7681658267974854,False,332,toys_and_games,SELENIUM_CAPTCHA_ROTATE_USER_AGENT,False
B07WSGP9WC,False,True,True,False,True,True,True,True,True,3.5596299171447754,False,333,toys_and_games,SELENIUM_CAPTCHA_ROTATE_USER_AGENT,False
B003HGGPLW,False,True,True,False,True,True,True,True,True,6.047224998474121,False,334,toys_and_games,SELENIUM_CAPTCHA_ROTATE_USER_AGENT,False
B07NFRTF17,True,True,True,True,True,True,False,True,True,3.9413042068481445,False,335,toys_and_games,SELENIUM_CAPTCHA_ROTATE_USER_AGENT,False
B08SGH7NKX,False,True,True,True,True,True,True,True,True,4.542439937591553,False,336,toys_and_games,SELENIUM_CAPTCHA_ROTATE_USER_AGENT,False
B001DIJ48C,False,True,False,False,True,True,True,True,True,4.1206910610198975,False,337,toys_and_games,SELENIUM_CAPTCHA_ROTATE_USER_AGENT,False
B00APVXSM6,True,True,False,False,True,True,False,True,True,3.47963809967041,False,338,toys_and_games,SELENIUM_CAPTCHA_ROTATE_USER_AGENT,False
B0CV27XPCY,True,True,True,False,True,True,False,True,False,3.399216890335083,False,339,toys_and_games,SELENIUM_CAPTCHA_ROTATE_USER_AGENT,False
B0BFP4VZCP,False,True,False,False,True,True,True,True,True,3.500734806060791,False,340,toys_and_games,SELENIUM_CAPTCHA_ROTATE_USER_AGENT,False
B08MJ8SRHG,False,True,True,False,True,True,True,True,True,3.9488980770111084,False,341,toys_and_games,SELENIUM_CAPTCHA_ROTATE_USER_AGENT,False
B01KJEOCDW,False,True,False,False,True,True,True,True,True,4.609494209289551,False,342,toys_and_games,SELENIUM_CAPTCHA_ROTATE_USER_AGENT,False
B077Z1R28P,False,True,False,False,True,True,True,True,True,4.103182077407837,False,343,toys_and_games,SELENIUM_CAPTCHA_ROTATE_USER_AGENT,False
B09LMBLYF1,False,True,False,False,True,True,True,True,True,3.9225175380706787,False,344,toys_and_games,SELENIUM_CAPTCHA_ROTATE_USER_AGENT,False
B06XL1B7QN,False,True,False,False,True,True,True,True,True,4.220463037490845,False,345,toys_and_games,SELENIUM_CAPTCHA_ROTATE_USER_AGENT,False
B00ABA0ZOA,False,True,False,False,True,True,True,True,True,5.838457107543945,False,346,toys_and_games,SELENIUM_CAPTCHA_ROTATE_USER_AGENT,False
B076FGVCRH,False,True,False,False,True,True,True,True,True,3.065913200378418,False,347,toys_and_games,SELENIUM_CAPTCHA_ROTATE_USER_AGENT,False
B0CB92B1VK,False,True,False,False,True,True,True,True,True,4.470741033554077,False,348,toys_and_games,SELENIUM_CAPTCHA_ROTATE_USER_AGENT,False
B07PQFT83F,False,True,False,False,True,True,True,True,True,4.189094066619873,False,349,toys_and_games,SELENIUM_CAPTCHA_ROTATE_USER_AGENT,False
B0B5XPFKC3,False,True,False,False,True,True,True,True,True,4.35414719581604,False,350,toys_and_games,SELENIUM_CAPTCHA_ROTATE_USER_AGENT,False
B0BV2YFF5K,False,True,True,True,True,True,True,True,True,3.5084211826324463,False,351,toys_and_games,SELENIUM_CAPTCHA_ROTATE_USER_AGENT,False
B09TXBRWY2,False,True,False,False,True,True,True,True,True,4.02017879486084,False,352,toys_and_games,SELENIUM_CAPTCHA_ROTATE_USER_AGENT,False
B00006RVTS,True,True,True,True,True,True,False,True,True,4.058035850524902,False,353,toys_and_games,SELENIUM_CAPTCHA_ROTATE_USER_AGENT,False
B0CGY4J7QT,True,True,False,False,True,True,False,True,True,3.586221218109131,False,354,toys_and_games,SELENIUM_CAPTCHA_ROTATE_USER_AGENT,False
B09JBM1KLX,False,True,False,True,True,True,True,True,True,3.516446828842163,False,355,toys_and_games,SELENIUM_CAPTCHA_ROTATE_USER_AGENT,False
B000B6MKMO,False,True,False,False,True,True,True,True,True,4.365833044052124,False,356,toys_and_games,SELENIUM_CAPTCHA_ROTATE_USER_AGENT,False
B07PZCQLJY,False,True,True,True,True,True,True,True,True,3.7436938285827637,False,357,toys_and_games,SELENIUM_CAPTCHA_ROTATE_USER_AGENT,False
B001CJVTLC,False,True,False,False,True,True,True,True,True,4.37474799156189,False,358,toys_and_games,SELENIUM_CAPTCHA_ROTATE_USER_AGENT,False
B000FGECAI,False,True,False,True,True,True,True,True,True,3.8159048557281494,False,359,toys_and_games,SELENIUM_CAPTCHA_ROTATE_USER_AGENT,False
B083BCTLP5,False,True,True,True,True,True,True,True,True,4.223964214324951,False,360,toys_and_games,SELENIUM_CAPTCHA_ROTATE_USER_AGENT,False
B08HD89CX6,False,True,True,True,True,True,True,True,True,4.072545051574707,False,361,toys_and_games,SELENIUM_CAPTCHA_ROTATE_USER_AGENT,False
B07GKWLBN2,False,True,True,True,True,True,True,True,True,4.383429288864136,False,362,toys_and_games,SELENIUM_CAPTCHA_ROTATE_USER_AGENT,False
B08BVV3MCY,False,True,False,True,True,True,True,True,True,3.778463840484619,False,363,toys_and_games,SELENIUM_CAPTCHA_ROTATE_USER_AGENT,False
B0BGN2HQHH,False,True,True,True,True,True,True,True,True,3.9456520080566406,False,364,toys_and_games,SELENIUM_CAPTCHA_ROTATE_USER_AGENT,False
B0C81D1739,False,True,False,False,False,True,False,True,False,2.61246395111084,False,365,toys_and_games,SELENIUM_CAPTCHA_ROTATE_USER_AGENT,False
B07P6MZPK3,False,True,False,False,True,True,True,True,True,4.6436779499053955,False,366,toys_and_games,SELENIUM_CAPTCHA_ROTATE_USER_AGENT,False
B0B9G2SJVX,False,True,True,True,True,True,True,True,True,3.8247292041778564,False,367,toys_and_games,SELENIUM_CAPTCHA_ROTATE_USER_AGENT,False
B07GCGJBC1,False,True,False,False,False,True,False,True,True,2.2334957122802734,False,368,toys_and_games,SELENIUM_CAPTCHA_ROTATE_USER_AGENT,False
B0BZCHMVTK,False,True,False,True,True,True,True,True,True,3.9816269874572754,False,369,toys_and_games,SELENIUM_CAPTCHA_ROTATE_USER_AGENT,False
B009USLJBM,False,True,False,False,False,True,False,True,True,3.2001078128814697,False,370,toys_and_games,SELENIUM_CAPTCHA_ROTATE_USER_AGENT,False
B0040ZEHPK,True,True,False,False,True,True,False,True,True,2.9578089714050293,False,371,toys_and_games,SELENIUM_CAPTCHA_ROTATE_USER_AGENT,False
B008J1QP7Y,False,True,True,True,True,True,True,True,True,4.08410120010376,False,372,toys_and_games,SELENIUM_CAPTCHA_ROTATE_USER_AGENT,False
B0CFBBBSHY,False,True,False,False,True,True,True,True,True,3.740192174911499,False,373,toys_and_games,SELENIUM_CAPTCHA_ROTATE_USER_AGENT,False
B00000IZKX,False,True,False,True,True,True,True,True,True,6.0356199741363525,False,374,toys_and_games,SELENIUM_CAPTCHA_ROTATE_USER_AGENT,False
B0BVBQDVX8,False,True,False,True,True,True,True,True,True,4.012919187545776,False,375,toys_and_games,SELENIUM_CAPTCHA_ROTATE_USER_AGENT,False
B0CD6Y4F9J,False,True,True,False,True,True,True,True,False,4.501668214797974,False,376,toys_and_games,SELENIUM_CAPTCHA_ROTATE_USER_AGENT,False
B00B1Z6EPS,False,True,True,True,True,True,True,True,True,4.200623035430908,False,377,toys_and_games,SELENIUM_CAPTCHA_ROTATE_USER_AGENT,False
B00D8STBHY,False,True,False,False,True,True,True,True,True,4.108108043670654,False,378,toys_and_games,SELENIUM_CAPTCHA_ROTATE_USER_AGENT,False
B09TDP1HCV,False,True,False,True,True,True,True,True,True,4.082542181015015,False,379,toys_and_games,SELENIUM_CAPTCHA_ROTATE_USER_AGENT,False
B0C7VSZDSG,False,True,False,False,True,True,True,True,True,3.994828701019287,False,380,toys_and_games,SELENIUM_CAPTCHA_ROTATE_USER_AGENT,False
B08T1NRCFW,True,True,False,True,True,True,False,True,True,3.240494966506958,False,381,toys_and_games,SELENIUM_CAPTCHA_ROTATE_USER_AGENT,False
B071JZ6NQM,False,True,False,False,True,True,True,True,True,3.5719339847564697,False,382,toys_and_games,SELENIUM_CAPTCHA_ROTATE_USER_AGENT,False
B0CDH1V1RK,False,True,True,False,True,True,True,True,True,4.029932975769043,False,383,toys_and_games,SELENIUM_CAPTCHA_ROTATE_USER_AGENT,False
B09L7MDNH6,False,True,False,True,True,True,True,True,True,3.6984782218933105,False,384,toys_and_games,SELENIUM_CAPTCHA_ROTATE_USER_AGENT,False
B00OZAI56M,True,True,False,True,True,True,False,True,True,3.1591758728027344,False,385,toys_and_games,SELENIUM_CAPTCHA_ROTATE_USER_AGENT,False
B0833W34KP,False,True,False,False,True,True,True,True,True,3.5640242099761963,False,386,toys_and_games,SELENIUM_CAPTCHA_ROTATE_USER_AGENT,False
B0C23NBZ6W,False,True,True,True,True,True,True,True,False,3.836786985397339,False,387,toys_and_games,SELENIUM_CAPTCHA_ROTATE_USER_AGENT,False
B0C8HWWP4Q,False,True,False,False,True,True,True,True,False,4.0994181632995605,False,388,toys_and_games,SELENIUM_CAPTCHA_ROTATE_USER_AGENT,False
B0CLN9M4GC,False,True,True,True,True,True,True,True,False,3.961676836013794,False,389,toys_and_games,SELENIUM_CAPTCHA_ROTATE_USER_AGENT,False
B06WV7VBY5,False,True,False,False,True,True,True,True,True,3.9420859813690186,False,390,toys_and_games,SELENIUM_CAPTCHA_ROTATE_USER_AGENT,False
B0CPMX764D,False,True,False,False,True,True,True,True,True,3.9993457794189453,False,391,toys_and_games,SELENIUM_CAPTCHA_ROTATE_USER_AGENT,False
B09VBZCMGC,False,True,False,False,True,True,True,True,True,3.719208002090454,False,392,toys_and_games,SELENIUM_CAPTCHA_ROTATE_USER_AGENT,False
B0CTTYRJJY,False,True,False,False,True,True,True,True,False,4.11892294883728,False,393,toys_and_games,SELENIUM_CAPTCHA_ROTATE_USER_AGENT,False
B0BVNSDG2W,False,True,False,False,True,True,True,True,True,3.3794498443603516,False,394,toys_and_games,SELENIUM_CAPTCHA_ROTATE_USER_AGENT,False
B0CCWXYKVG,False,True,False,False,True,True,True,True,False,3.393956184387207,False,395,toys_and_games,SELENIUM_CAPTCHA_ROTATE_USER_AGENT,False
B0CV2HV7WJ,True,True,False,False,True,True,False,True,False,3.5605697631835938,False,396,toys_and_games,SELENIUM_CAPTCHA_ROTATE_USER_AGENT,False
B0BZHHVYY9,False,True,False,True,True,True,True,True,False,3.17931866645813,False,397,toys_and_games,SELENIUM_CAPTCHA_ROTATE_USER_AGENT,False
B0CGFF2G5V,False,True,False,True,True,True,True,True,False,3.74890398979187,False,398,toys_and_games,SELENIUM_CAPTCHA_ROTATE_USER_AGENT,False
B0C855J5NL,False,True,False,False,True,True,True,True,True,3.513374090194702,False,399,toys_and_games,SELENIUM_CAPTCHA_ROTATE_USER_AGENT,False
B0991XM8YL,False,True,False,True,True,True,True,True,True,3.691356897354126,False,400,toys_and_games,SELENIUM_CAPTCHA_ROTATE_USER_AGENT,False
B00MNV8E0C,False,True,True,False,True,True,True,True,True,3.9049079418182373,False,401,health_and_household,SELENIUM_CAPTCHA_ROTATE_USER_AGENT,False
B07MHJFRBJ,False,True,True,False,True,True,True,True,True,3.814068078994751,False,402,health_and_household,SELENIUM_CAPTCHA_ROTATE_USER_AGENT,False
B00LH3DMUO,False,True,True,False,True,True,True,True,True,3.775343179702759,False,403,health_and_household,SELENIUM_CAPTCHA_ROTATE_USER_AGENT,False
B095CN96JS,False,True,True,False,True,True,True,True,True,3.8294031620025635,False,404,health_and_household,SELENIUM_CAPTCHA_ROTATE_USER_AGENT,False
B07BGLT25K,False,True,True,False,True,True,True,True,True,3.6043319702148438,False,405,health_and_household,SELENIUM_CAPTCHA_ROTATE_USER_AGENT,False
B0798DVT68,False,True,True,False,True,True,True,True,True,3.665919780731201,False,406,health_and_household,SELENIUM_CAPTCHA_ROTATE_USER_AGENT,False
B01NAPQ4QP,False,True,True,False,True,True,True,True,True,4.01682710647583,False,407,health_and_household,SELENIUM_CAPTCHA_ROTATE_USER_AGENT,False
B01BZ0LXL8,False,True,True,True,True,True,True,True,True,4.339679956436157,False,408,health_and_household,SELENIUM_CAPTCHA_ROTATE_USER_AGENT,False
B0D5FZGY8W,False,True,True,False,True,True,False,True,True,2.420405149459839,False,409,health_and_household,SELENIUM_CAPTCHA_ROTATE_USER_AGENT,False
B079H53D2B,False,True,True,False,True,True,False,True,True,2.680314064025879,False,410,health_and_household,SELENIUM_CAPTCHA_ROTATE_USER_AGENT,False
B0CKK43XXS,False,True,True,False,True,True,True,True,True,3.5721652507781982,False,411,health_and_household,SELENIUM_CAPTCHA_ROTATE_USER_AGENT,False
B09NW81TH8,False,True,True,False,True,True,True,True,True,3.8628950119018555,False,412,health_and_household,SELENIUM_CAPTCHA_ROTATE_USER_AGENT,False
B07QTD8JCF,True,True,True,False,True,True,False,True,True,3.35896897315979,False,413,health_and_household,SELENIUM_CAPTCHA_ROTATE_USER_AGENT,False
B09BWFX1L6,False,True,True,False,True,True,True,True,True,3.7486190795898438,False,414,health_and_household,SELENIUM_CAPTCHA_ROTATE_USER_AGENT,False
B09YKYV9N9,False,True,True,False,True,True,True,True,True,3.5153770446777344,False,415,health_and_household,SELENIUM_CAPTCHA_ROTATE_USER_AGENT,False
B01IT9NLHW,False,True,True,False,True,True,False,True,True,2.6686880588531494,False,416,health_and_household,SELENIUM_CAPTCHA_ROTATE_USER_AGENT,False
B09QV3XG8B,False,True,True,False,True,True,False,True,True,2.6374340057373047,False,417,health_and_household,SELENIUM_CAPTCHA_ROTATE_USER_AGENT,False
B07P5K7DQP,False,True,True,False,True,True,False,True,True,2.5748441219329834,False,418,health_and_household,SELENIUM_CAPTCHA_ROTATE_USER_AGENT,False
B07TT8B1JJ,False,True,False,False,False,True,False,True,True,2.3605971336364746,False,419,health_and_household,SELENIUM_CAPTCHA_ROTATE_USER_AGENT,False
B07ND3WR64,False,True,True,False,True,True,True,True,True,3.8249101638793945,False,420,health_and_household,SELENIUM_CAPTCHA_ROTATE_USER_AGENT,False
B0035LCFNQ,False,True,True,True,True,True,False,True,True,4.277268409729004,False,421,health_and_household,SELENIUM_CAPTCHA_ROTATE_USER_AGENT,False
B00DLDH1N2,False,True,False,False,False,True,False,True,True,2.564915895462036,False,422,health_and_household,SELENIUM_CAPTCHA_ROTATE_USER_AGENT,False
B00C91Q86I,True,True,True,True,True,True,False,True,True,3.025902271270752,False,423,health_and_household,SELENIUM_CAPTCHA_ROTATE_USER_AGENT,False
B08DVFZTTG,True,True,True,True,True,True,False,True,True,3.0286052227020264,False,424,health_and_household,SELENIUM_CAPTCHA_ROTATE_USER_AGENT,False
B00GL2HMES,False,True,True,False,True,True,False,True,True,2.804129123687744,False,425,health_and_household,SELENIUM_CAPTCHA_ROTATE_USER_AGENT,False
B083JHCCV2,False,True,True,False,True,True,True,True,True,3.693955183029175,False,426,health_and_household,SELENIUM_CAPTCHA_ROTATE_USER_AGENT,False
B002DYIZH6,False,True,True,False,True,True,False,True,True,2.7244019508361816,False,427,health_and_household,SELENIUM_CAPTCHA_ROTATE_USER_AGENT,False
B0C2CY22B8,True,True,True,False,True,True,False,True,True,3.4517130851745605,False,428,health_and_household,SELENIUM_CAPTCHA_ROTATE_USER_AGENT,False
B074CRK54X,False,True,True,False,True,True,True,True,True,3.3253860473632812,False,429,health_and_household,SELENIUM_CAPTCHA_ROTATE_USER_AGENT,False
B0CM4NXMV2,False,True,True,False,True,True,True,True,True,3.5847232341766357,False,430,health_and_household,SELENIUM_CAPTCHA_ROTATE_USER_AGENT,False
B00HSC9F2C,True,True,True,False,True,True,False,True,True,3.0473079681396484,False,431,health_and_household,SELENIUM_CAPTCHA_ROTATE_USER_AGENT,False
B074CR89QG,False,True,True,False,True,True,True,True,True,3.2056829929351807,False,432,health_and_household,SELENIUM_CAPTCHA_ROTATE_USER_AGENT,False
B00AHAWWO0,False,True,True,False,True,True,True,True,True,4.248716115951538,False,433,health_and_household,SELENIUM_CAPTCHA_ROTATE_USER_AGENT,False
B0CM5C15ZD,False,True,True,False,True,True,True,True,True,3.4105379581451416,False,434,health_and_household,SELENIUM_CAPTCHA_ROTATE_USER_AGENT,False
B00GB85JR4,False,True,True,False,True,True,False,True,True,3.06908917427063,False,435,health_and_household,SELENIUM_CAPTCHA_ROTATE_USER_AGENT,False
B07BVYZL88,True,True,True,False,True,True,False,True,True,3.18221116065979,False,436,health_and_household,SELENIUM_CAPTCHA_ROTATE_USER_AGENT,False
B071D4DKTZ,True,True,True,True,True,True,False,True,True,3.446626901626587,False,437,health_and_household,SELENIUM_CAPTCHA_ROTATE_USER_AGENT,False
B08F7BSLNW,True,True,True,True,True,True,False,True,True,3.3654720783233643,False,438,health_and_household,SELENIUM_CAPTCHA_ROTATE_USER_AGENT,False
B093X8QQ12,False,True,True,True,True,True,True,True,True,4.0214316844940186,False,439,health_and_household,SELENIUM_CAPTCHA_ROTATE_USER_AGENT,False
B01NGTV4J5,True,True,True,False,True,True,False,True,True,3.036064863204956,False,440,health_and_household,SELENIUM_CAPTCHA_ROTATE_USER_AGENT,False
B07F246YG1,False,True,True,False,True,True,True,True,True,2.981070041656494,False,441,health_and_household,SELENIUM_CAPTCHA_ROTATE_USER_AGENT,False
B07T9MBNTT,False,True,True,False,True,True,True,True,True,3.8284201622009277,False,442,health_and_household,SELENIUM_CAPTCHA_ROTATE_USER_AGENT,False
B00Y8MP4G6,False,True,True,False,True,True,False,True,True,3.0097668170928955,False,443,health_and_household,SELENIUM_CAPTCHA_ROTATE_USER_AGENT,False
B09F8FZ18G,False,True,True,False,True,True,True,True,True,3.7313013076782227,False,444,health_and_household,SELENIUM_CAPTCHA_ROTATE_USER_AGENT,False
B009108SGS,False,True,True,True,True,True,False,True,True,3.2155420780181885,False,445,health_and_household,SELENIUM_CAPTCHA_ROTATE_USER_AGENT,False
B00GJ82VK4,False,True,False,False,False,True,False,True,True,2.4491240978240967,False,446,health_and_household,SELENIUM_CAPTCHA_ROTATE_USER_AGENT,False
B08GF7YGCD,True,True,True,False,True,True,False,True,True,2.99741792678833,False,447,health_and_household,SELENIUM_CAPTCHA_ROTATE_USER_AGENT,False
B07B8BSGPL,False,True,True,False,True,True,False,True,True,2.653059959411621,False,448,health_and_household,SELENIUM_CAPTCHA_ROTATE_USER_AGENT,False
B00TSTZQEY,False,True,True,False,True,True,True,True,True,3.5589277744293213,False,449,health_and_household,SELENIUM_CAPTCHA_ROTATE_USER_AGENT,False
B0CV4FQPY1,False,True,True,True,True,True,True,True,True,3.6221399307250977,False,450,health_and_household,SELENIUM_CAPTCHA_ROTATE_USER_AGENT,False
B084HQ4DYQ,False,True,False,False,True,True,False,True,True,2.6083920001983643,False,451,health_and_household,SELENIUM_CAPTCHA_ROTATE_USER_AGENT,False
B09RTVD1GF,False,True,True,False,True,True,True,True,True,3.59393310546875,False,452,health_and_household,SELENIUM_CAPTCHA_ROTATE_USER_AGENT,False
B01C5QS1T8,False,False,False,False,False,False,False,False,False,0.2911050319671631,True,453,health_and_household,SELENIUM_CAPTCHA_ROTATE_USER_AGENT,False
B00W5D1MDE,True,True,True,False,True,True,False,True,True,2.9123380184173584,False,454,health_and_household,SELENIUM_CAPTCHA_ROTATE_USER_AGENT,False
B00MH4QM1S,False,True,True,True,True,True,True,True,True,3.9685707092285156,False,455,health_and_household,SELENIUM_CAPTCHA_ROTATE_USER_AGENT,False
B00IRKRK9O,False,True,True,False,True,True,True,True,True,3.8385977745056152,False,456,health_and_household,SELENIUM_CAPTCHA_ROTATE_USER_AGENT,False
B099J2SWXV,False,True,True,False,True,True,False,True,True,2.5275228023529053,False,457,health_and_household,SELENIUM_CAPTCHA_ROTATE_USER_AGENT,False
B095PQ6SX7,False,True,True,False,True,True,True,True,True,4.319206714630127,False,458,health_and_household,SELENIUM_CAPTCHA_ROTATE_USER_AGENT,False
B09RSC2JT3,False,True,True,False,True,True,True,True,True,3.218331813812256,False,459,health_and_household,SELENIUM_CAPTCHA_ROTATE_USER_AGENT,False
B08XQZX9K3,False,True,True,False,True,True,False,True,True,2.6097679138183594,False,460,health_and_household,SELENIUM_CAPTCHA_ROTATE_USER_AGENT,False
B09RTVN5GN,False,True,True,False,True,True,True,True,True,3.6801910400390625,False,461,health_and_household,SELENIUM_CAPTCHA_ROTATE_USER_AGENT,False
B01HI7WP0U,False,True,True,False,True,True,False,True,True,2.814253091812134,False,462,health_and_household,SELENIUM_CAPTCHA_ROTATE_USER_AGENT,False
B0BQ4G7LY8,False,True,False,False,False,True,False,True,True,2.5963361263275146,False,463,health_and_household,SELENIUM_CAPTCHA_ROTATE_USER_AGENT,False
B0BBPNPZTC,True,True,True,False,True,True,False,True,True,3.1581692695617676,False,464,health_and_household,SELENIUM_CAPTCHA_ROTATE_USER_AGENT,False
B095KCG1Q2,False,True,True,False,True,True,True,True,True,3.5808331966400146,False,465,health_and_household,SELENIUM_CAPTCHA_ROTATE_USER_AGENT,False
B00K6JUG4K,False,True,True,False,True,True,False,True,True,2.617232084274292,False,466,health_and_household,SELENIUM_CAPTCHA_ROTATE_USER_AGENT,False
B0CCGJ1DY8,True,True,True,False,True,True,False,True,True,3.1491646766662598,False,467,health_and_household,SELENIUM_CAPTCHA_ROTATE_USER_AGENT,False
B004QQ9LVS,False,True,True,False,True,True,False,True,True,2.618027925491333,False,468,health_and_household,SELENIUM_CAPTCHA_ROTATE_USER_AGENT,False
B09NW92T8Q,False,True,True,False,True,True,True,True,True,3.3256378173828125,False,469,health_and_household,SELENIUM_CAPTCHA_ROTATE_USER_AGENT,False
B003TS2R1A,True,True,True,False,True,True,False,True,True,2.8383212089538574,False,470,health_and_household,SELENIUM_CAPTCHA_ROTATE_USER_AGENT,False
B08FGZSW8L,True,True,True,False,True,True,False,True,True,2.459357976913452,False,471,health_and_household,SELENIUM_CAPTCHA_ROTATE_USER_AGENT,False
B00MH4QI26,False,True,True,False,True,True,True,True,True,3.7489800453186035,False,472,health_and_household,SELENIUM_CAPTCHA_ROTATE_USER_AGENT,False
B0BJMV9BXJ,False,True,True,False,True,True,False,True,True,2.5286331176757812,False,473,health_and_household,SELENIUM_CAPTCHA_ROTATE_USER_AGENT,False
B00Q70RCW6,True,True,True,False,True,True,False,True,True,2.944967269897461,False,474,health_and_household,SELENIUM_CAPTCHA_ROTATE_USER_AGENT,False
B0748J34WZ,False,True,True,True,True,True,True,True,True,4.237673044204712,False,475,health_and_household,SELENIUM_CAPTCHA_ROTATE_USER_AGENT,False
B0756MBLNX,False,True,True,False,True,True,True,True,True,3.1206440925598145,False,476,health_and_household,SELENIUM_CAPTCHA_ROTATE_USER_AGENT,False
B01BMDAVIY,False,True,True,False,True,True,False,True,True,2.485083818435669,False,477,health_and_household,SELENIUM_CAPTCHA_ROTATE_USER_AGENT,False
B077K3W4K4,True,True,True,False,True,True,False,True,True,2.8595521450042725,False,478,health_and_household,SELENIUM_CAPTCHA_ROTATE_USER_AGENT,False
B09YKRZR22,False,True,True,False,True,True,True,True,True,3.3056540489196777,False,479,health_and_household,SELENIUM_CAPTCHA_ROTATE_USER_AGENT,False
B0739KKHWL,False,True,True,False,True,True,False,True,True,2.698483943939209,False,480,health_and_household,SELENIUM_CAPTCHA_ROTATE_USER_AGENT,False
B004K95PBQ,False,True,True,False,True,True,True,True,True,3.9307799339294434,False,481,health_and_household,SELENIUM_CAPTCHA_ROTATE_USER_AGENT,False
B003FULBQ4,True,True,True,False,True,True,False,True,True,3.2674460411071777,False,482,health_and_household,SELENIUM_CAPTCHA_ROTATE_USER_AGENT,False
B01BUNHFAS,False,True,True,False,True,True,False,True,True,2.6397829055786133,False,483,health_and_household,SELENIUM_CAPTCHA_ROTATE_USER_AGENT,False
B07RN6TG1J,True,True,True,False,True,True,False,True,True,3.1630420684814453,False,484,health_and_household,SELENIUM_CAPTCHA_ROTATE_USER_AGENT,False
B093WPZF1Y,False,True,True,False,True,True,True,True,True,3.7987749576568604,False,485,health_and_household,SELENIUM_CAPTCHA_ROTATE_USER_AGENT,False
B003K01BMI,False,True,True,False,True,True,True,True,True,4.413416862487793,False,486,health_and_household,SELENIUM_CAPTCHA_ROTATE_USER_AGENT,False
B07YD3KQ5S,True,True,True,False,True,True,False,True,True,3.072350263595581,False,487,health_and_household,SELENIUM_CAPTCHA_ROTATE_USER_AGENT,False
B0C35Z66QV,True,True,True,False,True,True,False,True,True,2.745728015899658,False,488,health_and_household,SELENIUM_CAPTCHA_ROTATE_USER_AGENT,False
B0CGKVHHCY,True,True,True,False,True,True,False,True,True,2.738919973373413,False,489,health_and_household,SELENIUM_CAPTCHA_ROTATE_USER_AGENT,False
B07GY22VLW,False,True,True,False,True,True,False,True,True,2.5983598232269287,False,490,health_and_household,SELENIUM_CAPTCHA_ROTATE_USER_AGENT,False
B085V5PPP8,False,True,True,False,True,True,False,True,True,2.4318649768829346,False,491,health_and_household,SELENIUM_CAPTCHA_ROTATE_USER_AGENT,False
B003H03SDQ,False,True,True,False,True,True,True,True,True,4.036393165588379,False,492,health_and_household,SELENIUM_CAPTCHA_ROTATE_USER_AGENT,False
B07DX89ZHN,False,True,True,False,True,True,False,True,True,2.526123046875,False,493,health_and_household,SELENIUM_CAPTCHA_ROTATE_USER_AGENT,False
B09556SRJH,False,True,True,False,True,True,True,True,True,3.704413890838623,False,494,health_and_household,SELENIUM_CAPTCHA_ROTATE_USER_AGENT,False
B019GU4ILQ,False,True,True,False,True,True,False,True,True,2.5157618522644043,False,495,health_and_household,SELENIUM_CAPTCHA_ROTATE_USER_AGENT,False
B06ZZ3PJQD,False,True,True,False,True,True,False,True,True,3.204545021057129,False,496,health_and_household,SELENIUM_CAPTCHA_ROTATE_USER_AGENT,False
B0BB3JGBH5,False,True,True,False,True,True,True,True,True,3.3228347301483154,False,497,health_and_household,SELENIUM_CAPTCHA_ROTATE_USER_AGENT,False
B0787K2XWZ,True,True,True,False,True,True,False,True,True,2.8914520740509033,False,498,health_and_household,SELENIUM_CAPTCHA_ROTATE_USER_AGENT,False
B002DYIZEE,True,True,True,False,True,True,False,True,True,3.1092679500579834,False,499,health_and_household,SELENIUM_CAPTCHA_ROTATE_USER_AGENT,False
B0B9YVG4LR,False,True,True,True,True,True,False,True,True,2.7048287391662598,False,500,health_and_household,SELENIUM_CAPTCHA_ROTATE_USER_AGENT,False
