asin,title,brand,manufacturer,description,images,price,stars,ratings_quantity,time,is_empty,id,category,method,is_valid
B0CP9Z56SW,False,False,False,False,False,False,False,False,0.7552051544189453,True,1,home_and_kitchen,STATIC_ROTATE_USER_AGENT,False
B01M16WBW1,True,False,False,True,True,True,True,True,3.668705701828003,False,2,home_and_kitchen,STATIC_ROTATE_USER_AGENT,False
B0154ASID6,False,False,False,False,False,False,False,False,0.7194681167602539,True,3,home_and_kitchen,STATIC_ROTATE_USER_AGENT,False
B085DVNHHK,False,False,False,False,False,False,False,False,0.7038021087646484,True,4,home_and_kitchen,STATIC_ROTATE_USER_AGENT,False
B08QRFZ6TH,False,False,False,False,False,False,False,False,0.6929409503936768,True,5,home_and_kitchen,STATIC_ROTATE_USER_AGENT,False
B0725WFLMB,False,False,False,False,False,False,False,False,0.7120230197906494,True,6,home_and_kitchen,STATIC_ROTATE_USER_AGENT,False
B0B1CNJL7N,True,False,False,True,True,True,True,True,3.2927229404449463,False,7,home_and_kitchen,STATIC_ROTATE_USER_AGENT,False
B00NX0WXQI,False,False,False,False,False,False,False,False,0.6969459056854248,True,8,home_and_kitchen,STATIC_ROTATE_USER_AGENT,False
B01NBNDC1T,False,False,False,False,False,False,False,False,0.6969678401947021,True,9,home_and_kitchen,STATIC_ROTATE_USER_AGENT,False
B01LYNW421,False,False,False,False,False,False,False,False,0.6972572803497314,True,10,home_and_kitchen,STATIC_ROTATE_USER_AGENT,False
B0C3FTCYZL,False,False,False,False,False,False,False,False,0.6924648284912109,True,11,home_and_kitchen,STATIC_ROTATE_USER_AGENT,False
B00FXNAAW2,False,False,False,False,False,False,False,False,0.6945710182189941,True,12,home_and_kitchen,STATIC_ROTATE_USER_AGENT,False
B0157T2ENY,False,False,False,False,False,False,False,False,0.6990079879760742,True,13,home_and_kitchen,STATIC_ROTATE_USER_AGENT,False
B08BZFRQLS,False,False,False,False,False,False,False,False,0.6968991756439209,True,14,home_and_kitchen,STATIC_ROTATE_USER_AGENT,False
B00E4GACB8,False,False,False,False,False,False,False,False,0.6979119777679443,True,15,home_and_kitchen,STATIC_ROTATE_USER_AGENT,False
B09D8T11YS,True,False,False,True,True,True,True,True,2.9319350719451904,False,16,home_and_kitchen,STATIC_ROTATE_USER_AGENT,False
B07P5NBRL5,False,False,False,False,False,False,False,False,0.70524001121521,True,17,home_and_kitchen,STATIC_ROTATE_USER_AGENT,False
B0016HF5GK,False,False,False,False,False,False,False,False,0.6991891860961914,True,18,home_and_kitchen,STATIC_ROTATE_USER_AGENT,False
B07PCQKTCN,False,False,False,False,False,False,False,False,0.7175498008728027,True,19,home_and_kitchen,STATIC_ROTATE_USER_AGENT,False
B0CFGYFCYL,False,False,False,False,False,False,False,False,0.7076370716094971,True,20,home_and_kitchen,STATIC_ROTATE_USER_AGENT,False
B07T869RNY,True,False,False,True,True,True,True,True,2.805072069168091,False,21,home_and_kitchen,STATIC_ROTATE_USER_AGENT,False
B00MRH9NCK,False,False,False,False,False,False,False,False,0.7013790607452393,True,22,home_and_kitchen,STATIC_ROTATE_USER_AGENT,False
B08CRPWQHB,False,False,False,False,False,False,False,False,0.7013864517211914,True,23,home_and_kitchen,STATIC_ROTATE_USER_AGENT,False
B01MRHXM0I,False,False,False,False,False,False,False,False,0.69622802734375,True,24,home_and_kitchen,STATIC_ROTATE_USER_AGENT,False
B0714K41PB,False,False,False,False,False,False,False,False,0.6992897987365723,True,25,home_and_kitchen,STATIC_ROTATE_USER_AGENT,False
B01IE7P2VW,False,False,False,False,False,False,False,False,0.6947078704833984,True,26,home_and_kitchen,STATIC_ROTATE_USER_AGENT,False
B09715G57M,False,False,False,False,False,False,False,False,0.7202260494232178,True,27,home_and_kitchen,STATIC_ROTATE_USER_AGENT,False
B00U6HREPQ,False,False,False,False,False,False,False,False,0.7017128467559814,True,28,home_and_kitchen,STATIC_ROTATE_USER_AGENT,False
B07VVK39F7,True,False,False,True,True,False,True,True,2.4411070346832275,False,29,home_and_kitchen,STATIC_ROTATE_USER_AGENT,False
B007E83LUM,False,False,False,False,False,False,False,False,0.6965570449829102,True,30,home_and_kitchen,STATIC_ROTATE_USER_AGENT,False
B08BBZKSTS,False,False,False,False,False,False,False,False,0.7150027751922607,True,31,home_and_kitchen,STATIC_ROTATE_USER_AGENT,False
B00NESCOY0,False,False,False,False,False,False,False,False,0.6930170059204102,True,32,home_and_kitchen,STATIC_ROTATE_USER_AGENT,False
B07XXSYLL8,False,False,False,False,False,False,False,False,0.698498010635376,True,33,home_and_kitchen,STATIC_ROTATE_USER_AGENT,False
B00S93EQUK,False,False,False,False,False,False,False,False,0.698976993560791,True,34,home_and_kitchen,STATIC_ROTATE_USER_AGENT,False
B0C2C9NHZW,False,False,False,False,False,False,False,False,0.6938090324401855,True,35,home_and_kitchen,STATIC_ROTATE_USER_AGENT,False
B06X9NQ8GX,False,False,False,False,False,False,False,False,0.6984221935272217,True,36,home_and_kitchen,STATIC_ROTATE_USER_AGENT,False
B00NLLUMOE,True,False,False,True,True,True,True,True,3.5609939098358154,False,37,home_and_kitchen,STATIC_ROTATE_USER_AGENT,False
B0BLSCY6PR,False,False,False,False,False,False,False,False,0.7120530605316162,True,38,home_and_kitchen,STATIC_ROTATE_USER_AGENT,False
B0CGRGRXPY,False,False,False,False,False,False,False,False,0.7030620574951172,True,39,home_and_kitchen,STATIC_ROTATE_USER_AGENT,False
B07WG18RLT,False,False,False,False,False,False,False,False,0.7018980979919434,True,40,home_and_kitchen,STATIC_ROTATE_USER_AGENT,False
B0BPLB81LX,False,False,False,False,False,False,False,False,0.7101860046386719,True,41,home_and_kitchen,STATIC_ROTATE_USER_AGENT,False
B07FPQZG6V,False,False,False,False,False,False,False,False,0.6946229934692383,True,42,home_and_kitchen,STATIC_ROTATE_USER_AGENT,False
B08NJ6VF9T,False,False,False,False,False,False,False,False,0.7072560787200928,True,43,home_and_kitchen,STATIC_ROTATE_USER_AGENT,False
B0113UZJE2,False,False,False,False,False,False,False,False,0.7072041034698486,True,44,home_and_kitchen,STATIC_ROTATE_USER_AGENT,False
B00LS9UD2M,False,False,False,False,False,False,False,False,0.6951777935028076,True,45,home_and_kitchen,STATIC_ROTATE_USER_AGENT,False
B0CBP8CL71,False,False,False,False,False,False,False,False,0.6999268531799316,True,46,home_and_kitchen,STATIC_ROTATE_USER_AGENT,False
B06X421WJ6,False,False,False,False,False,False,False,False,0.705674409866333,True,47,home_and_kitchen,STATIC_ROTATE_USER_AGENT,False
B08LBN2JPS,False,False,False,False,False,False,False,False,0.690361738204956,True,48,home_and_kitchen,STATIC_ROTATE_USER_AGENT,False
B0C3PDTYYX,False,False,False,False,False,False,False,False,0.6972191333770752,True,49,home_and_kitchen,STATIC_ROTATE_USER_AGENT,False
B09T3T1FYN,False,False,False,False,False,False,False,False,0.7138750553131104,True,50,home_and_kitchen,STATIC_ROTATE_USER_AGENT,False
B0C6FCKQML,False,False,False,False,False,False,False,False,0.7058267593383789,True,51,home_and_kitchen,STATIC_ROTATE_USER_AGENT,False
B00730QW70,False,False,False,False,False,False,False,False,0.7090458869934082,True,52,home_and_kitchen,STATIC_ROTATE_USER_AGENT,False
B08DTH86Q2,False,False,False,False,False,False,False,False,0.6955351829528809,True,53,home_and_kitchen,STATIC_ROTATE_USER_AGENT,False
B081YQBPSS,False,False,False,False,False,False,False,False,0.6976032257080078,True,54,home_and_kitchen,STATIC_ROTATE_USER_AGENT,False
B01H65F6A0,False,False,False,False,False,False,False,False,0.6898219585418701,True,55,home_and_kitchen,STATIC_ROTATE_USER_AGENT,False
B00S1TC442,False,False,False,False,False,False,False,False,0.6902439594268799,True,56,home_and_kitchen,STATIC_ROTATE_USER_AGENT,False
B08KXKVT4K,False,False,False,False,False,False,False,False,0.7073719501495361,True,57,home_and_kitchen,STATIC_ROTATE_USER_AGENT,False
B07VQZSLDW,False,False,False,False,False,False,False,False,0.7009117603302002,True,58,home_and_kitchen,STATIC_ROTATE_USER_AGENT,False
B07NYR18X4,False,False,False,False,False,False,False,False,0.7134220600128174,True,59,home_and_kitchen,STATIC_ROTATE_USER_AGENT,False
B08YDJS51B,False,False,False,False,False,False,False,False,0.7076208591461182,True,60,home_and_kitchen,STATIC_ROTATE_USER_AGENT,False
B005BV0DD2,False,False,False,False,False,False,False,False,0.7080190181732178,True,61,home_and_kitchen,STATIC_ROTATE_USER_AGENT,False
B07JMDYDVJ,False,False,False,False,False,False,False,False,0.6910130977630615,True,62,home_and_kitchen,STATIC_ROTATE_USER_AGENT,False
B0CWRHLCBP,False,False,False,False,False,False,False,False,0.7024192810058594,True,63,home_and_kitchen,STATIC_ROTATE_USER_AGENT,False
B07XFQVN57,False,False,False,False,False,False,False,False,0.7094838619232178,True,64,home_and_kitchen,STATIC_ROTATE_USER_AGENT,False
B07BYCHMVY,False,False,False,False,False,False,False,False,0.6960761547088623,True,65,home_and_kitchen,STATIC_ROTATE_USER_AGENT,False
B0C4Z6SKCS,False,False,False,False,False,False,False,False,0.6923959255218506,True,66,home_and_kitchen,STATIC_ROTATE_USER_AGENT,False
B0B7WQVYGF,False,False,False,False,False,False,False,False,0.6958189010620117,True,67,home_and_kitchen,STATIC_ROTATE_USER_AGENT,False
B09K4SWZNY,False,False,False,False,False,False,False,False,0.700432300567627,True,68,home_and_kitchen,STATIC_ROTATE_USER_AGENT,False
B0BZR6YBHK,False,False,False,False,False,False,False,False,0.7033143043518066,True,69,home_and_kitchen,STATIC_ROTATE_USER_AGENT,False
B0973DGD8P,False,False,False,False,False,False,False,False,0.70455002784729,True,70,home_and_kitchen,STATIC_ROTATE_USER_AGENT,False
B092VC7VK2,False,False,False,False,False,False,False,False,0.7100672721862793,True,71,home_and_kitchen,STATIC_ROTATE_USER_AGENT,False
B073H8STZ7,False,False,False,False,False,False,False,False,0.6988558769226074,True,72,home_and_kitchen,STATIC_ROTATE_USER_AGENT,False
B08HVJQ2YP,False,False,False,False,False,False,False,False,0.6986081600189209,True,73,home_and_kitchen,STATIC_ROTATE_USER_AGENT,False
B07X3BX7WM,False,False,False,False,False,False,False,False,0.6950640678405762,True,74,home_and_kitchen,STATIC_ROTATE_USER_AGENT,False
B00JH98GR4,False,False,False,False,False,False,False,False,0.6975717544555664,True,75,home_and_kitchen,STATIC_ROTATE_USER_AGENT,False
B09NXMDPS1,False,False,False,False,False,False,False,False,0.6970691680908203,True,76,home_and_kitchen,STATIC_ROTATE_USER_AGENT,False
B0BHBP1X1B,False,False,False,False,False,False,False,False,0.6986289024353027,True,77,home_and_kitchen,STATIC_ROTATE_USER_AGENT,False
B078YD8YRD,False,False,False,False,False,False,False,False,0.7090120315551758,True,78,home_and_kitchen,STATIC_ROTATE_USER_AGENT,False
B0158EQJSY,False,False,False,False,False,False,False,False,0.7315802574157715,True,79,home_and_kitchen,STATIC_ROTATE_USER_AGENT,False
B0BNYR7MQV,False,False,False,False,False,False,False,False,0.7106099128723145,True,80,home_and_kitchen,STATIC_ROTATE_USER_AGENT,False
B01M7WZFAS,False,False,False,False,False,False,False,False,0.7051699161529541,True,81,home_and_kitchen,STATIC_ROTATE_USER_AGENT,False
B01NB05WI5,False,False,False,False,False,False,False,False,0.698328971862793,True,82,home_and_kitchen,STATIC_ROTATE_USER_AGENT,False
B0C9ZQ434J,False,False,False,False,False,False,False,False,0.6968519687652588,True,83,home_and_kitchen,STATIC_ROTATE_USER_AGENT,False
B0CRQHVP6Q,False,False,False,False,False,False,False,False,0.7035620212554932,True,84,home_and_kitchen,STATIC_ROTATE_USER_AGENT,False
B00IE76Q7M,True,False,False,True,True,True,True,True,2.3678689002990723,False,85,home_and_kitchen,STATIC_ROTATE_USER_AGENT,False
B07ZSWRKZY,False,False,False,False,False,False,False,False,0.7149350643157959,True,86,home_and_kitchen,STATIC_ROTATE_USER_AGENT,False
B0BN3Y8D9H,False,False,False,False,False,False,False,False,0.6962151527404785,True,87,home_and_kitchen,STATIC_ROTATE_USER_AGENT,False
B09WXZWSN3,True,False,False,True,True,True,True,True,2.5644969940185547,False,88,home_and_kitchen,STATIC_ROTATE_USER_AGENT,False
B0CQVWW5QK,False,False,False,False,False,False,False,False,0.7104940414428711,True,89,home_and_kitchen,STATIC_ROTATE_USER_AGENT,False
B09CYLZPYP,False,False,False,False,False,False,False,False,0.6964731216430664,True,90,home_and_kitchen,STATIC_ROTATE_USER_AGENT,False
B00126IUZI,False,False,False,False,False,False,False,False,0.7316210269927979,True,91,home_and_kitchen,STATIC_ROTATE_USER_AGENT,False
B097CZCDQG,False,False,False,False,False,False,False,False,0.7133409976959229,True,92,home_and_kitchen,STATIC_ROTATE_USER_AGENT,False
B0CQ8RSTC9,False,False,False,False,False,False,False,False,0.6937649250030518,True,93,home_and_kitchen,STATIC_ROTATE_USER_AGENT,False
B0C294ZLTR,False,False,False,False,False,False,False,False,0.6980290412902832,True,94,home_and_kitchen,STATIC_ROTATE_USER_AGENT,False
B0764HS4SL,False,False,False,False,False,False,False,False,0.6982510089874268,True,95,home_and_kitchen,STATIC_ROTATE_USER_AGENT,False
B00030L5HY,False,False,False,False,False,False,False,False,0.7099409103393555,True,96,home_and_kitchen,STATIC_ROTATE_USER_AGENT,False
B087JJ3M15,False,False,False,False,False,False,False,False,0.696026086807251,True,97,home_and_kitchen,STATIC_ROTATE_USER_AGENT,False
B0CJF94M8J,False,False,False,False,False,False,False,False,0.7231297492980957,True,98,home_and_kitchen,STATIC_ROTATE_USER_AGENT,False
B0BJL5MYG8,False,False,False,False,False,False,False,False,0.6979849338531494,True,99,home_and_kitchen,STATIC_ROTATE_USER_AGENT,False
B09TT9TFSN,False,False,False,False,False,False,False,False,0.7094259262084961,True,100,home_and_kitchen,STATIC_ROTATE_USER_AGENT,False
B074PVTPBW,False,False,False,False,False,False,False,False,0.7045559883117676,True,101,beauty_and_personal_care,STATIC_ROTATE_USER_AGENT,False
B07PBXXNCY,True,False,False,True,True,True,True,True,3.142216205596924,False,102,beauty_and_personal_care,STATIC_ROTATE_USER_AGENT,False
B081KL2QYJ,False,False,False,False,False,False,False,False,0.70697021484375,True,103,beauty_and_personal_care,STATIC_ROTATE_USER_AGENT,False
B08KT2Z93D,True,False,False,True,True,True,True,True,2.85312819480896,False,104,beauty_and_personal_care,STATIC_ROTATE_USER_AGENT,False
B00U2VQZDS,False,False,False,False,False,False,False,False,0.6996307373046875,True,105,beauty_and_personal_care,STATIC_ROTATE_USER_AGENT,False
B00T0C9XRK,False,False,False,False,False,False,False,False,0.6962890625,True,106,beauty_and_personal_care,STATIC_ROTATE_USER_AGENT,False
B0B2RM68G2,True,False,False,True,True,True,True,True,2.926283836364746,False,107,beauty_and_personal_care,STATIC_ROTATE_USER_AGENT,False
B09541P9WH,False,False,False,False,False,False,False,False,0.7094051837921143,True,108,beauty_and_personal_care,STATIC_ROTATE_USER_AGENT,False
B00AINMFAC,False,False,False,False,False,False,False,False,0.6934888362884521,True,109,beauty_and_personal_care,STATIC_ROTATE_USER_AGENT,False
B01AXQP6AE,False,False,False,False,False,False,False,False,0.7173488140106201,True,110,beauty_and_personal_care,STATIC_ROTATE_USER_AGENT,False
B0B9HMX9VC,False,False,False,False,False,False,False,False,0.6951169967651367,True,111,beauty_and_personal_care,STATIC_ROTATE_USER_AGENT,False
B01N9SPQHQ,True,False,False,False,True,False,True,True,2.5543808937072754,False,112,beauty_and_personal_care,STATIC_ROTATE_USER_AGENT,False
B0CDH47BN9,False,False,False,False,False,False,False,False,0.7105190753936768,True,113,beauty_and_personal_care,STATIC_ROTATE_USER_AGENT,False
B00MEDOY2G,False,False,False,False,False,False,False,False,0.6963629722595215,True,114,beauty_and_personal_care,STATIC_ROTATE_USER_AGENT,False
B07N7PK9QK,True,False,False,True,True,False,True,True,2.428508996963501,False,115,beauty_and_personal_care,STATIC_ROTATE_USER_AGENT,False
B09VFKGL92,False,False,False,False,False,False,False,False,0.7178020477294922,True,116,beauty_and_personal_care,STATIC_ROTATE_USER_AGENT,False
B00TTD9BRC,False,False,False,False,False,False,False,False,0.7002511024475098,True,117,beauty_and_personal_care,STATIC_ROTATE_USER_AGENT,False
B09542G9ZN,False,False,False,False,False,False,False,False,0.6912260055541992,True,118,beauty_and_personal_care,STATIC_ROTATE_USER_AGENT,False
B08H3JPH74,False,False,False,False,False,False,False,False,0.6974759101867676,True,119,beauty_and_personal_care,STATIC_ROTATE_USER_AGENT,False
B0BT1WL6KY,True,False,False,True,True,True,True,True,2.8933629989624023,False,120,beauty_and_personal_care,STATIC_ROTATE_USER_AGENT,False
B0787GLBMV,False,False,False,False,False,False,False,False,0.7143218517303467,True,121,beauty_and_personal_care,STATIC_ROTATE_USER_AGENT,False
B00PBX3L7K,False,False,False,False,False,False,False,False,0.6961472034454346,True,122,beauty_and_personal_care,STATIC_ROTATE_USER_AGENT,False
B00949CTQQ,False,False,False,False,False,False,False,False,0.7051901817321777,True,123,beauty_and_personal_care,STATIC_ROTATE_USER_AGENT,False
B0BX2TZZWG,False,False,False,False,False,False,False,False,0.6940679550170898,True,124,beauty_and_personal_care,STATIC_ROTATE_USER_AGENT,False
B010GNWPMQ,False,False,False,False,False,False,False,False,0.7044658660888672,True,125,beauty_and_personal_care,STATIC_ROTATE_USER_AGENT,False
B07BMYD4NX,False,False,False,False,False,False,False,False,0.7286081314086914,True,126,beauty_and_personal_care,STATIC_ROTATE_USER_AGENT,False
B09MFMCTRK,False,False,False,False,False,False,False,False,0.706273078918457,True,127,beauty_and_personal_care,STATIC_ROTATE_USER_AGENT,False
B07QZ5CTTF,False,False,False,False,False,False,False,False,0.7012729644775391,True,128,beauty_and_personal_care,STATIC_ROTATE_USER_AGENT,False
B07RK4HST7,False,False,False,False,False,False,False,False,0.6909599304199219,True,129,beauty_and_personal_care,STATIC_ROTATE_USER_AGENT,False
B00SNPCSUY,False,False,False,False,False,False,False,False,0.7110450267791748,True,130,beauty_and_personal_care,STATIC_ROTATE_USER_AGENT,False
B01MSSDEPK,False,False,False,False,False,False,False,False,0.7113640308380127,True,131,beauty_and_personal_care,STATIC_ROTATE_USER_AGENT,False
B08H4FSGDX,False,False,False,False,False,False,False,False,0.696483850479126,True,132,beauty_and_personal_care,STATIC_ROTATE_USER_AGENT,False
B09SP2XHKT,False,False,False,False,False,False,False,False,0.7006797790527344,True,133,beauty_and_personal_care,STATIC_ROTATE_USER_AGENT,False
B01BMMOAFU,False,False,False,False,False,False,False,False,0.6978349685668945,True,134,beauty_and_personal_care,STATIC_ROTATE_USER_AGENT,False
B0BVPNQW1C,False,False,False,False,False,False,False,False,0.6970779895782471,True,135,beauty_and_personal_care,STATIC_ROTATE_USER_AGENT,False
B000IEMGGE,False,False,False,False,False,False,False,False,0.7661750316619873,True,136,beauty_and_personal_care,STATIC_ROTATE_USER_AGENT,False
B088W7L534,False,False,False,False,False,False,False,False,0.7070200443267822,True,137,beauty_and_personal_care,STATIC_ROTATE_USER_AGENT,False
B0CMJXGCFQ,False,False,False,False,False,False,False,False,0.6961309909820557,True,138,beauty_and_personal_care,STATIC_ROTATE_USER_AGENT,False
B004Y9GTOO,False,False,False,False,False,False,False,False,0.6971299648284912,True,139,beauty_and_personal_care,STATIC_ROTATE_USER_AGENT,False
B079FV6PRH,False,False,False,False,False,False,False,False,0.6980950832366943,True,140,beauty_and_personal_care,STATIC_ROTATE_USER_AGENT,False
B08SNSSTPZ,False,False,False,False,False,False,False,False,0.693047046661377,True,141,beauty_and_personal_care,STATIC_ROTATE_USER_AGENT,False
B000H3EO3O,False,False,False,False,False,False,False,False,0.6956849098205566,True,142,beauty_and_personal_care,STATIC_ROTATE_USER_AGENT,False
B07GKVBQDG,False,False,False,False,False,False,False,False,0.7098197937011719,True,143,beauty_and_personal_care,STATIC_ROTATE_USER_AGENT,False
B0BLXZ4YBJ,False,False,False,False,False,False,False,False,0.6996121406555176,True,144,beauty_and_personal_care,STATIC_ROTATE_USER_AGENT,False
B01HTJTMF8,True,False,False,True,True,True,True,True,3.5275096893310547,False,145,beauty_and_personal_care,STATIC_ROTATE_USER_AGENT,False
B09W18N3GT,True,False,False,False,True,False,True,True,2.3781368732452393,False,146,beauty_and_personal_care,STATIC_ROTATE_USER_AGENT,False
B07GB3NVN1,False,False,False,False,False,False,False,False,0.6929199695587158,True,147,beauty_and_personal_care,STATIC_ROTATE_USER_AGENT,False
B0054LHI5A,False,False,False,False,False,False,False,False,0.6941869258880615,True,148,beauty_and_personal_care,STATIC_ROTATE_USER_AGENT,False
B06XF2TR11,False,False,False,False,False,False,False,False,0.7022380828857422,True,149,beauty_and_personal_care,STATIC_ROTATE_USER_AGENT,False
B00WAJAKOU,False,False,False,False,False,False,False,False,0.6974868774414062,True,150,beauty_and_personal_care,STATIC_ROTATE_USER_AGENT,False
B07MWSXPT1,False,False,False,False,False,False,False,False,0.7120611667633057,True,151,beauty_and_personal_care,STATIC_ROTATE_USER_AGENT,False
B085WR175L,False,False,False,False,False,False,False,False,0.7330937385559082,True,152,beauty_and_personal_care,STATIC_ROTATE_USER_AGENT,False
B08HYW2MKG,False,False,False,False,False,False,False,False,0.6922602653503418,True,153,beauty_and_personal_care,STATIC_ROTATE_USER_AGENT,False
B000TG63EW,False,False,False,False,False,False,False,False,0.7079951763153076,True,154,beauty_and_personal_care,STATIC_ROTATE_USER_AGENT,False
B00365DABC,False,False,False,False,False,False,False,False,0.6920750141143799,True,155,beauty_and_personal_care,STATIC_ROTATE_USER_AGENT,False
B004WRCXRA,True,False,False,True,True,False,True,True,2.487560987472534,False,156,beauty_and_personal_care,STATIC_ROTATE_USER_AGENT,False
B002RS6JSA,False,False,False,False,False,False,False,False,0.6946742534637451,True,157,beauty_and_personal_care,STATIC_ROTATE_USER_AGENT,False
B0B9YDQTXN,False,False,False,False,False,False,False,False,0.7006840705871582,True,158,beauty_and_personal_care,STATIC_ROTATE_USER_AGENT,False
B014E2D6BY,False,False,False,False,False,False,False,False,0.7163240909576416,True,159,beauty_and_personal_care,STATIC_ROTATE_USER_AGENT,False
B0914XZT2W,False,False,False,False,False,False,False,False,0.6946620941162109,True,160,beauty_and_personal_care,STATIC_ROTATE_USER_AGENT,False
B07L1PHSY9,False,False,False,False,False,False,False,False,0.6969809532165527,True,161,beauty_and_personal_care,STATIC_ROTATE_USER_AGENT,False
B01N34XW93,False,False,False,False,False,False,False,False,0.6907997131347656,True,162,beauty_and_personal_care,STATIC_ROTATE_USER_AGENT,False
B0BN2PX8V3,False,False,False,False,False,False,False,False,0.7209787368774414,True,163,beauty_and_personal_care,STATIC_ROTATE_USER_AGENT,False
B01N1LL62W,False,False,False,False,False,False,False,False,0.7163712978363037,True,164,beauty_and_personal_care,STATIC_ROTATE_USER_AGENT,False
B0BC29LL92,False,False,False,False,False,False,False,False,0.7041490077972412,True,165,beauty_and_personal_care,STATIC_ROTATE_USER_AGENT,False
B00D13DGFY,False,False,False,False,False,False,False,False,0.6976099014282227,True,166,beauty_and_personal_care,STATIC_ROTATE_USER_AGENT,False
B07DY2QRF6,True,False,False,False,True,True,True,True,3.382859706878662,False,167,beauty_and_personal_care,STATIC_ROTATE_USER_AGENT,False
B00SK71SAG,False,False,False,False,False,False,False,False,0.6957440376281738,True,168,beauty_and_personal_care,STATIC_ROTATE_USER_AGENT,False
B085S8DGWT,True,False,False,True,True,False,True,True,2.4224720001220703,False,169,beauty_and_personal_care,STATIC_ROTATE_USER_AGENT,False
B01648QPVE,True,False,False,True,True,False,True,True,2.430043935775757,False,170,beauty_and_personal_care,STATIC_ROTATE_USER_AGENT,False
B0BNLWJ6QJ,False,False,False,False,False,False,False,False,0.6950318813323975,True,171,beauty_and_personal_care,STATIC_ROTATE_USER_AGENT,False
B0BBSPM876,False,False,False,False,False,False,False,False,0.7479231357574463,True,172,beauty_and_personal_care,STATIC_ROTATE_USER_AGENT,False
B07SFL7FXJ,False,False,False,False,False,False,False,False,0.6957046985626221,True,173,beauty_and_personal_care,STATIC_ROTATE_USER_AGENT,False
B00F97FHAW,False,False,False,False,False,False,False,False,0.699070930480957,True,174,beauty_and_personal_care,STATIC_ROTATE_USER_AGENT,False
B004BD107O,False,False,False,False,False,False,False,False,0.7115788459777832,True,175,beauty_and_personal_care,STATIC_ROTATE_USER_AGENT,False
B0B6CMT476,False,False,False,False,False,False,False,False,0.7108490467071533,True,176,beauty_and_personal_care,STATIC_ROTATE_USER_AGENT,False
B005G9E9AW,False,False,False,False,False,False,False,False,0.7059059143066406,True,177,beauty_and_personal_care,STATIC_ROTATE_USER_AGENT,False
B07GRD5WLD,False,False,False,False,False,False,False,False,0.7333898544311523,True,178,beauty_and_personal_care,STATIC_ROTATE_USER_AGENT,False
B074Y8LM6T,False,False,False,False,False,False,False,False,0.727484941482544,True,179,beauty_and_personal_care,STATIC_ROTATE_USER_AGENT,False
B08CQ9T6KN,False,False,False,False,False,False,False,False,0.7331130504608154,True,180,beauty_and_personal_care,STATIC_ROTATE_USER_AGENT,False
B01M4MCUAF,False,False,False,False,False,False,False,False,0.7259671688079834,True,181,beauty_and_personal_care,STATIC_ROTATE_USER_AGENT,False
B08V3JGB1F,False,False,False,False,False,False,False,False,0.7288131713867188,True,182,beauty_and_personal_care,STATIC_ROTATE_USER_AGENT,False
B004INIW1Y,False,False,False,False,False,False,False,False,0.7432751655578613,True,183,beauty_and_personal_care,STATIC_ROTATE_USER_AGENT,False
B07VRFC3Y7,False,False,False,False,False,False,False,False,0.7415633201599121,True,184,beauty_and_personal_care,STATIC_ROTATE_USER_AGENT,False
B097CNMZF5,True,False,False,True,True,True,True,True,3.0377848148345947,False,185,beauty_and_personal_care,STATIC_ROTATE_USER_AGENT,False
B017PCGABI,False,False,False,False,False,False,False,False,0.7264227867126465,True,186,beauty_and_personal_care,STATIC_ROTATE_USER_AGENT,False
B08BW46XXK,False,False,False,False,False,False,False,False,0.7423107624053955,True,187,beauty_and_personal_care,STATIC_ROTATE_USER_AGENT,False
B01N7T7JKJ,False,False,False,False,False,False,False,False,0.7248120307922363,True,188,beauty_and_personal_care,STATIC_ROTATE_USER_AGENT,False
B01LW1983J,False,False,False,False,False,False,False,False,0.7269220352172852,True,189,beauty_and_personal_care,STATIC_ROTATE_USER_AGENT,False
B002MSN3QQ,False,False,False,False,False,False,False,False,0.737339973449707,True,190,beauty_and_personal_care,STATIC_ROTATE_USER_AGENT,False
B08N1CWL7S,False,False,False,False,False,False,False,False,0.7315778732299805,True,191,beauty_and_personal_care,STATIC_ROTATE_USER_AGENT,False
B073CWSQ51,True,False,False,False,True,True,True,True,3.2352700233459473,False,192,beauty_and_personal_care,STATIC_ROTATE_USER_AGENT,False
B07X6HCLK2,False,False,False,False,False,False,False,False,0.734220027923584,True,193,beauty_and_personal_care,STATIC_ROTATE_USER_AGENT,False
B01I2ZQJSG,False,False,False,False,False,False,False,False,0.712529182434082,True,194,beauty_and_personal_care,STATIC_ROTATE_USER_AGENT,False
B075JRT85B,False,False,False,False,False,False,False,False,0.7334041595458984,True,195,beauty_and_personal_care,STATIC_ROTATE_USER_AGENT,False
B006IB5T4W,False,False,False,False,False,False,False,False,0.7215321063995361,True,196,beauty_and_personal_care,STATIC_ROTATE_USER_AGENT,False
B00IGJ1XOO,False,False,False,False,False,False,False,False,0.7406189441680908,True,197,beauty_and_personal_care,STATIC_ROTATE_USER_AGENT,False
B0CLX1HQ17,False,False,False,False,False,False,False,False,0.7514669895172119,True,198,beauty_and_personal_care,STATIC_ROTATE_USER_AGENT,False
B09LCMQM44,False,False,False,False,False,False,False,False,0.7493813037872314,True,199,beauty_and_personal_care,STATIC_ROTATE_USER_AGENT,False
B0BVV8BNYJ,False,False,False,False,False,False,False,False,0.7228999137878418,True,200,beauty_and_personal_care,STATIC_ROTATE_USER_AGENT,False
B00JUM2VAQ,False,False,False,False,False,False,False,False,0.7320380210876465,True,201,clothing_shoes_jewelry,STATIC_ROTATE_USER_AGENT,False
B07M989JLF,False,False,False,False,False,False,False,False,0.7258238792419434,True,202,clothing_shoes_jewelry,STATIC_ROTATE_USER_AGENT,False
B01L8JJ57U,False,False,False,False,False,False,False,False,0.7400729656219482,True,203,clothing_shoes_jewelry,STATIC_ROTATE_USER_AGENT,False
B08YHLVJN3,False,False,False,False,False,False,False,False,0.7332429885864258,True,204,clothing_shoes_jewelry,STATIC_ROTATE_USER_AGENT,False
B0C26RWFYK,False,False,False,False,False,False,False,False,0.7268579006195068,True,205,clothing_shoes_jewelry,STATIC_ROTATE_USER_AGENT,False
B0C65WCS8R,False,False,False,False,False,False,False,False,0.7416539192199707,True,206,clothing_shoes_jewelry,STATIC_ROTATE_USER_AGENT,False
B0CR5SLZ2D,False,False,False,False,False,False,False,False,0.7279400825500488,True,207,clothing_shoes_jewelry,STATIC_ROTATE_USER_AGENT,False
B08YS526MS,False,False,False,False,False,False,False,False,0.7257120609283447,True,208,clothing_shoes_jewelry,STATIC_ROTATE_USER_AGENT,False
B0145JTWFU,False,False,False,False,False,False,False,False,0.7170090675354004,True,209,clothing_shoes_jewelry,STATIC_ROTATE_USER_AGENT,False
B0014C0LUC,True,False,False,False,True,False,True,True,2.973198890686035,False,210,clothing_shoes_jewelry,STATIC_ROTATE_USER_AGENT,False
B07HQM6NH8,True,False,False,False,True,False,True,True,2.4172282218933105,False,211,clothing_shoes_jewelry,STATIC_ROTATE_USER_AGENT,False
B0761ZJGDK,False,False,False,False,False,False,False,False,0.7450780868530273,True,212,clothing_shoes_jewelry,STATIC_ROTATE_USER_AGENT,False
B08YGTLS7P,False,False,False,False,False,False,False,False,0.7167229652404785,True,213,clothing_shoes_jewelry,STATIC_ROTATE_USER_AGENT,False
B07NV4JGTG,False,False,False,False,False,False,False,False,0.726931095123291,True,214,clothing_shoes_jewelry,STATIC_ROTATE_USER_AGENT,False
B00W66LQFO,False,False,False,False,False,False,False,False,0.7146177291870117,True,215,clothing_shoes_jewelry,STATIC_ROTATE_USER_AGENT,False
B086KSDTQ4,False,False,False,False,False,False,False,False,0.7326159477233887,True,216,clothing_shoes_jewelry,STATIC_ROTATE_USER_AGENT,False
B0CM8MM85L,False,False,False,False,False,False,False,False,0.7117888927459717,True,217,clothing_shoes_jewelry,STATIC_ROTATE_USER_AGENT,False
B0BCPJ9BQF,False,False,False,False,False,False,False,False,0.7411131858825684,True,218,clothing_shoes_jewelry,STATIC_ROTATE_USER_AGENT,False
B00JUM4CT4,True,False,False,False,True,False,True,True,2.63779616355896,False,219,clothing_shoes_jewelry,STATIC_ROTATE_USER_AGENT,False
B09P1GB319,False,False,False,False,False,False,False,False,0.7387809753417969,True,220,clothing_shoes_jewelry,STATIC_ROTATE_USER_AGENT,False
B09JFV7HHY,False,False,False,False,False,False,False,False,0.736151933670044,True,221,clothing_shoes_jewelry,STATIC_ROTATE_USER_AGENT,False
B076CBMZGK,False,False,False,False,False,False,False,False,0.7300939559936523,True,222,clothing_shoes_jewelry,STATIC_ROTATE_USER_AGENT,False
B004QF0TFQ,False,False,False,False,False,False,False,False,0.7253241539001465,True,223,clothing_shoes_jewelry,STATIC_ROTATE_USER_AGENT,False
B0D4F6MNQW,False,False,False,False,False,False,False,False,0.8160817623138428,True,224,clothing_shoes_jewelry,STATIC_ROTATE_USER_AGENT,False
B000C4UATA,False,False,False,False,False,False,False,False,0.7306859493255615,True,225,clothing_shoes_jewelry,STATIC_ROTATE_USER_AGENT,False
B08YHBW4J5,False,False,False,False,False,False,False,False,0.80265212059021,True,226,clothing_shoes_jewelry,STATIC_ROTATE_USER_AGENT,False
B07JCS8NRC,False,False,False,False,False,False,False,False,0.7272279262542725,True,227,clothing_shoes_jewelry,STATIC_ROTATE_USER_AGENT,False
B0C3QS2K65,False,False,False,False,False,False,False,False,0.7298531532287598,True,228,clothing_shoes_jewelry,STATIC_ROTATE_USER_AGENT,False
B07MKKQ8QP,False,False,False,False,False,False,False,False,0.7300529479980469,True,229,clothing_shoes_jewelry,STATIC_ROTATE_USER_AGENT,False
B07GVDVLCD,False,False,False,False,False,False,False,False,0.7263760566711426,True,230,clothing_shoes_jewelry,STATIC_ROTATE_USER_AGENT,False
B01LXJZAOR,True,False,False,False,True,False,True,True,2.501889944076538,False,231,clothing_shoes_jewelry,STATIC_ROTATE_USER_AGENT,False
B09JVQQ99K,False,False,False,False,False,False,False,False,0.8088147640228271,True,232,clothing_shoes_jewelry,STATIC_ROTATE_USER_AGENT,False
B0BB7SP83Z,False,False,False,False,False,False,False,False,0.71701979637146,True,233,clothing_shoes_jewelry,STATIC_ROTATE_USER_AGENT,False
B09HC6P2BT,False,False,False,False,False,False,False,False,0.7489838600158691,True,234,clothing_shoes_jewelry,STATIC_ROTATE_USER_AGENT,False
B0D77K99ZR,True,False,False,False,True,False,True,True,2.604494094848633,False,235,clothing_shoes_jewelry,STATIC_ROTATE_USER_AGENT,False
B0BFL5MKKC,False,False,False,False,False,False,False,False,0.7120208740234375,True,236,clothing_shoes_jewelry,STATIC_ROTATE_USER_AGENT,False
B08L8DL3RX,False,False,False,False,False,False,False,False,0.7275397777557373,True,237,clothing_shoes_jewelry,STATIC_ROTATE_USER_AGENT,False
B00NOY3JOS,False,False,False,False,False,False,False,False,0.7137100696563721,True,238,clothing_shoes_jewelry,STATIC_ROTATE_USER_AGENT,False
B08XXMQ32C,True,False,False,False,True,False,True,True,2.3267300128936768,False,239,clothing_shoes_jewelry,STATIC_ROTATE_USER_AGENT,False
B075ZZF47B,False,False,False,False,False,False,False,False,0.7010190486907959,True,240,clothing_shoes_jewelry,STATIC_ROTATE_USER_AGENT,False
B0BVFDH9CP,False,False,False,False,False,False,False,False,0.7118000984191895,True,241,clothing_shoes_jewelry,STATIC_ROTATE_USER_AGENT,False
B07LGVSPKF,False,False,False,False,False,False,False,False,0.6938769817352295,True,242,clothing_shoes_jewelry,STATIC_ROTATE_USER_AGENT,False
B0000ANHT7,False,False,False,False,False,False,False,False,0.7041049003601074,True,243,clothing_shoes_jewelry,STATIC_ROTATE_USER_AGENT,False
B001PU9A9Q,False,False,False,False,False,False,False,False,0.7080180644989014,True,244,clothing_shoes_jewelry,STATIC_ROTATE_USER_AGENT,False
B01MSVTHDP,False,False,False,False,False,False,False,False,0.6982383728027344,True,245,clothing_shoes_jewelry,STATIC_ROTATE_USER_AGENT,False
B01HAGXX8C,False,False,False,False,False,False,False,False,0.7055728435516357,True,246,clothing_shoes_jewelry,STATIC_ROTATE_USER_AGENT,False
B07YNXVGPD,False,False,False,False,False,False,False,False,0.7251100540161133,True,247,clothing_shoes_jewelry,STATIC_ROTATE_USER_AGENT,False
B01HMH57CO,False,False,False,False,False,False,False,False,0.7288150787353516,True,248,clothing_shoes_jewelry,STATIC_ROTATE_USER_AGENT,False
B0C7KBZXL6,False,False,False,False,False,False,False,False,0.7026760578155518,True,249,clothing_shoes_jewelry,STATIC_ROTATE_USER_AGENT,False
B0BW93QZK5,False,False,False,False,False,False,False,False,0.6994109153747559,True,250,clothing_shoes_jewelry,STATIC_ROTATE_USER_AGENT,False
B01M1OM3NU,False,False,False,False,False,False,False,False,0.7000260353088379,True,251,clothing_shoes_jewelry,STATIC_ROTATE_USER_AGENT,False
B0169P8TGQ,False,False,False,False,False,False,False,False,0.7004940509796143,True,252,clothing_shoes_jewelry,STATIC_ROTATE_USER_AGENT,False
B086YMWQPC,False,False,False,False,False,False,False,False,0.7002248764038086,True,253,clothing_shoes_jewelry,STATIC_ROTATE_USER_AGENT,False
B079GTQGTL,False,False,False,False,False,False,False,False,0.7070281505584717,True,254,clothing_shoes_jewelry,STATIC_ROTATE_USER_AGENT,False
B0B3TK8ZL9,False,False,False,False,False,False,False,False,0.6987640857696533,True,255,clothing_shoes_jewelry,STATIC_ROTATE_USER_AGENT,False
B014FALWES,False,False,False,False,False,False,False,False,0.6915421485900879,True,256,clothing_shoes_jewelry,STATIC_ROTATE_USER_AGENT,False
B071ZH5Y4V,True,False,False,False,True,False,True,True,2.6828958988189697,False,257,clothing_shoes_jewelry,STATIC_ROTATE_USER_AGENT,False
B008YA0Z44,False,False,False,False,False,False,False,False,0.6984200477600098,True,258,clothing_shoes_jewelry,STATIC_ROTATE_USER_AGENT,False
B076P5M7WD,False,False,False,False,False,False,False,False,0.712468147277832,True,259,clothing_shoes_jewelry,STATIC_ROTATE_USER_AGENT,False
B08D11NP71,False,False,False,False,False,False,False,False,0.6972620487213135,True,260,clothing_shoes_jewelry,STATIC_ROTATE_USER_AGENT,False
B01K2CMFVM,False,False,False,False,False,False,False,False,0.7088010311126709,True,261,clothing_shoes_jewelry,STATIC_ROTATE_USER_AGENT,False
B0BRMV3N9R,False,False,False,False,False,False,False,False,0.706104040145874,True,262,clothing_shoes_jewelry,STATIC_ROTATE_USER_AGENT,False
B0B1HR89H4,False,False,False,False,False,False,False,False,0.6987230777740479,True,263,clothing_shoes_jewelry,STATIC_ROTATE_USER_AGENT,False
B086Z2WR6Y,False,False,False,False,False,False,False,False,0.6966979503631592,True,264,clothing_shoes_jewelry,STATIC_ROTATE_USER_AGENT,False
B00T7TXS2W,False,False,False,False,False,False,False,False,0.7080986499786377,True,265,clothing_shoes_jewelry,STATIC_ROTATE_USER_AGENT,False
B0BS6G9WG6,False,False,False,False,False,False,False,False,0.6954638957977295,True,266,clothing_shoes_jewelry,STATIC_ROTATE_USER_AGENT,False
B0BHV8PQ2K,False,False,False,False,False,False,False,False,0.6969039440155029,True,267,clothing_shoes_jewelry,STATIC_ROTATE_USER_AGENT,False
B013YRRFJ4,False,False,False,False,False,False,False,False,0.7005670070648193,True,268,clothing_shoes_jewelry,STATIC_ROTATE_USER_AGENT,False
B00NOU54XG,False,False,False,False,False,False,False,False,0.6999027729034424,True,269,clothing_shoes_jewelry,STATIC_ROTATE_USER_AGENT,False
B08DTMMTJW,False,False,False,False,False,False,False,False,0.6967790126800537,True,270,clothing_shoes_jewelry,STATIC_ROTATE_USER_AGENT,False
B0C6T9PXMW,False,False,False,False,False,False,False,False,0.6943097114562988,True,271,clothing_shoes_jewelry,STATIC_ROTATE_USER_AGENT,False
B079PL1L5G,True,False,False,False,True,False,True,True,2.458162307739258,False,272,clothing_shoes_jewelry,STATIC_ROTATE_USER_AGENT,False
B0D4ZG9SCS,False,False,False,False,False,False,False,False,0.6988499164581299,True,273,clothing_shoes_jewelry,STATIC_ROTATE_USER_AGENT,False
B0C26RYQ7S,False,False,False,False,False,False,False,False,0.7025220394134521,True,274,clothing_shoes_jewelry,STATIC_ROTATE_USER_AGENT,False
B0007YXTRA,False,False,False,False,False,False,False,False,0.7083790302276611,True,275,clothing_shoes_jewelry,STATIC_ROTATE_USER_AGENT,False
B07M61KYWL,False,False,False,False,False,False,False,False,0.6971158981323242,True,276,clothing_shoes_jewelry,STATIC_ROTATE_USER_AGENT,False
B0BW2XQCQQ,False,False,False,False,False,False,False,False,0.6931478977203369,True,277,clothing_shoes_jewelry,STATIC_ROTATE_USER_AGENT,False
B07XL8N5G2,False,False,False,False,False,False,False,False,0.6965360641479492,True,278,clothing_shoes_jewelry,STATIC_ROTATE_USER_AGENT,False
B09643QGPD,False,False,False,False,False,False,False,False,0.6977410316467285,True,279,clothing_shoes_jewelry,STATIC_ROTATE_USER_AGENT,False
B08FCWWZ9B,False,False,False,False,False,False,False,False,0.6949620246887207,True,280,clothing_shoes_jewelry,STATIC_ROTATE_USER_AGENT,False
B00MDZWPEO,False,False,False,False,False,False,False,False,0.7101600170135498,True,281,clothing_shoes_jewelry,STATIC_ROTATE_USER_AGENT,False
B073R22ZV9,False,False,False,False,False,False,False,False,0.6966121196746826,True,282,clothing_shoes_jewelry,STATIC_ROTATE_USER_AGENT,False
B09R82W413,False,False,False,False,False,False,False,False,0.7015891075134277,True,283,clothing_shoes_jewelry,STATIC_ROTATE_USER_AGENT,False
B0CYZM5RSM,False,False,False,False,False,False,False,False,0.694983959197998,True,284,clothing_shoes_jewelry,STATIC_ROTATE_USER_AGENT,False
B00WE4GN0G,False,False,False,False,False,False,False,False,0.6988637447357178,True,285,clothing_shoes_jewelry,STATIC_ROTATE_USER_AGENT,False
B09QMPYRB7,False,False,False,False,False,False,False,False,0.6974489688873291,True,286,clothing_shoes_jewelry,STATIC_ROTATE_USER_AGENT,False
B0BV9YW7D4,False,False,False,False,False,False,False,False,0.6894347667694092,True,287,clothing_shoes_jewelry,STATIC_ROTATE_USER_AGENT,False
B07543D21Q,False,False,False,False,False,False,False,False,0.6984648704528809,True,288,clothing_shoes_jewelry,STATIC_ROTATE_USER_AGENT,False
B000J176KW,False,False,False,False,False,False,False,False,0.6964669227600098,True,289,clothing_shoes_jewelry,STATIC_ROTATE_USER_AGENT,False
B071DVQLT2,False,False,False,False,False,False,False,False,0.6967992782592773,True,290,clothing_shoes_jewelry,STATIC_ROTATE_USER_AGENT,False
B00ZUNGRD6,True,False,False,False,True,False,True,True,2.5306339263916016,False,291,clothing_shoes_jewelry,STATIC_ROTATE_USER_AGENT,False
B0CNRT9YBL,True,False,False,True,True,True,True,True,2.8973159790039062,False,292,clothing_shoes_jewelry,STATIC_ROTATE_USER_AGENT,False
B06Y1RWZTG,False,False,False,False,False,False,False,False,0.6977131366729736,True,293,clothing_shoes_jewelry,STATIC_ROTATE_USER_AGENT,False
B000NZVQIM,False,False,False,False,False,False,False,False,0.6969447135925293,True,294,clothing_shoes_jewelry,STATIC_ROTATE_USER_AGENT,False
B000N8Q4XG,False,False,False,False,False,False,False,False,0.6971850395202637,True,295,clothing_shoes_jewelry,STATIC_ROTATE_USER_AGENT,False
B086Y87C1H,False,False,False,False,False,False,False,False,0.7068881988525391,True,296,clothing_shoes_jewelry,STATIC_ROTATE_USER_AGENT,False
B07GDRLQMS,False,False,False,False,False,False,False,False,0.696054220199585,True,297,clothing_shoes_jewelry,STATIC_ROTATE_USER_AGENT,False
B098XBK5WX,True,False,False,False,True,False,True,True,1.934535264968872,False,298,clothing_shoes_jewelry,STATIC_ROTATE_USER_AGENT,False
B07F685NJ8,False,False,False,False,False,False,False,False,0.6991159915924072,True,299,clothing_shoes_jewelry,STATIC_ROTATE_USER_AGENT,False
B08Q3FTQMK,False,False,False,False,False,False,False,False,0.6964969635009766,True,300,clothing_shoes_jewelry,STATIC_ROTATE_USER_AGENT,False
B0BQZFVJTB,False,False,False,False,False,False,False,False,0.72210693359375,True,301,toys_and_games,STATIC_ROTATE_USER_AGENT,False
B087N9N6HH,False,False,False,False,False,False,False,False,0.7072548866271973,True,302,toys_and_games,STATIC_ROTATE_USER_AGENT,False
B00N1QPNMA,False,False,False,False,False,False,False,False,0.7007641792297363,True,303,toys_and_games,STATIC_ROTATE_USER_AGENT,False
B07B6ZN7P8,False,False,False,False,False,False,False,False,0.6940689086914062,True,304,toys_and_games,STATIC_ROTATE_USER_AGENT,False
B09Z6LJFX4,False,False,False,False,False,False,False,False,0.6987528800964355,True,305,toys_and_games,STATIC_ROTATE_USER_AGENT,False
B0BBKW5G1T,False,False,False,False,False,False,False,False,0.6966960430145264,True,306,toys_and_games,STATIC_ROTATE_USER_AGENT,False
B0CX24138S,False,False,False,False,False,False,False,False,0.6975960731506348,True,307,toys_and_games,STATIC_ROTATE_USER_AGENT,False
B09SDKSXLZ,False,False,False,False,False,False,False,False,0.6992919445037842,True,308,toys_and_games,STATIC_ROTATE_USER_AGENT,False
B09Q4BC1CJ,False,False,False,False,False,False,False,False,0.7451920509338379,True,309,toys_and_games,STATIC_ROTATE_USER_AGENT,False
B00JM5GW10,False,False,False,False,False,False,False,False,0.6986372470855713,True,310,toys_and_games,STATIC_ROTATE_USER_AGENT,False
B0BDQLJMFV,False,False,False,False,False,False,False,False,0.7107839584350586,True,311,toys_and_games,STATIC_ROTATE_USER_AGENT,False
B07W5QM4DP,False,False,False,False,False,False,False,False,0.6946830749511719,True,312,toys_and_games,STATIC_ROTATE_USER_AGENT,False
B0CSJQHF6W,False,False,False,False,False,False,False,False,0.6918001174926758,True,313,toys_and_games,STATIC_ROTATE_USER_AGENT,False
B09PGVGCH5,False,False,False,False,False,False,False,False,0.7014260292053223,True,314,toys_and_games,STATIC_ROTATE_USER_AGENT,False
B0B6B25BKW,False,False,False,False,False,False,False,False,0.7003419399261475,True,315,toys_and_games,STATIC_ROTATE_USER_AGENT,False
B0CV2MJYHJ,False,False,False,False,False,False,False,False,0.7119050025939941,True,316,toys_and_games,STATIC_ROTATE_USER_AGENT,False
B09NRS8C5Y,False,False,False,False,False,False,False,False,0.7113289833068848,True,317,toys_and_games,STATIC_ROTATE_USER_AGENT,False
B0BRQSHRKR,False,False,False,False,False,False,False,False,0.6978778839111328,True,318,toys_and_games,STATIC_ROTATE_USER_AGENT,False
B0BWR49R77,False,False,False,False,False,False,False,False,0.739595890045166,True,319,toys_and_games,STATIC_ROTATE_USER_AGENT,False
B0CMQFBWZP,False,False,False,False,False,False,False,False,0.6981151103973389,True,320,toys_and_games,STATIC_ROTATE_USER_AGENT,False
B09GWCRSQV,False,False,False,False,False,False,False,False,0.7152879238128662,True,321,toys_and_games,STATIC_ROTATE_USER_AGENT,False
B007GE75HY,True,False,False,True,True,True,True,True,3.757802963256836,False,322,toys_and_games,STATIC_ROTATE_USER_AGENT,False
B0BWDWNH5G,False,False,False,False,False,False,False,False,0.7125859260559082,True,323,toys_and_games,STATIC_ROTATE_USER_AGENT,False
B0D9LY4LSW,False,False,False,False,False,False,False,False,0.6918683052062988,True,324,toys_and_games,STATIC_ROTATE_USER_AGENT,False
B00I3K25R0,False,False,False,False,False,False,False,False,0.7131729125976562,True,325,toys_and_games,STATIC_ROTATE_USER_AGENT,False
B00NHQFA1I,False,False,False,False,False,False,False,False,0.7024917602539062,True,326,toys_and_games,STATIC_ROTATE_USER_AGENT,False
B07NXDJ52C,False,False,False,False,False,False,False,False,0.6998529434204102,True,327,toys_and_games,STATIC_ROTATE_USER_AGENT,False
B0BQRWBSCK,False,False,False,False,False,False,False,False,0.7087900638580322,True,328,toys_and_games,STATIC_ROTATE_USER_AGENT,False
B0CGV5K97C,False,False,False,False,False,False,False,False,0.7092790603637695,True,329,toys_and_games,STATIC_ROTATE_USER_AGENT,False
B09YG8LFGZ,True,False,False,True,True,True,True,True,2.8170759677886963,False,330,toys_and_games,STATIC_ROTATE_USER_AGENT,False
B07FXQ51BQ,False,False,False,False,False,False,False,False,0.6977837085723877,True,331,toys_and_games,STATIC_ROTATE_USER_AGENT,False
B09T6QFR2J,False,False,False,False,False,False,False,False,0.7049951553344727,True,332,toys_and_games,STATIC_ROTATE_USER_AGENT,False
B07WSGP9WC,False,False,False,False,False,False,False,False,0.7036521434783936,True,333,toys_and_games,STATIC_ROTATE_USER_AGENT,False
B003HGGPLW,False,False,False,False,False,False,False,False,0.7331769466400146,True,334,toys_and_games,STATIC_ROTATE_USER_AGENT,False
B07NFRTF17,False,False,False,False,False,False,False,False,0.7080588340759277,True,335,toys_and_games,STATIC_ROTATE_USER_AGENT,False
B08SGH7NKX,False,False,False,False,False,False,False,False,0.6940469741821289,True,336,toys_and_games,STATIC_ROTATE_USER_AGENT,False
B001DIJ48C,True,False,False,True,True,True,True,True,3.295301914215088,False,337,toys_and_games,STATIC_ROTATE_USER_AGENT,False
B00APVXSM6,False,False,False,False,False,False,False,False,0.7186369895935059,True,338,toys_and_games,STATIC_ROTATE_USER_AGENT,False
B0CV27XPCY,False,False,False,False,False,False,False,False,0.7078478336334229,True,339,toys_and_games,STATIC_ROTATE_USER_AGENT,False
B0BFP4VZCP,False,False,False,False,False,False,False,False,0.7057931423187256,True,340,toys_and_games,STATIC_ROTATE_USER_AGENT,False
B08MJ8SRHG,False,False,False,False,False,False,False,False,0.7000339031219482,True,341,toys_and_games,STATIC_ROTATE_USER_AGENT,False
B01KJEOCDW,False,False,False,False,False,False,False,False,0.7024979591369629,True,342,toys_and_games,STATIC_ROTATE_USER_AGENT,False
B077Z1R28P,False,False,False,False,False,False,False,False,0.6963231563568115,True,343,toys_and_games,STATIC_ROTATE_USER_AGENT,False
B09LMBLYF1,False,False,False,False,False,False,False,False,0.7119009494781494,True,344,toys_and_games,STATIC_ROTATE_USER_AGENT,False
B06XL1B7QN,False,False,False,False,False,False,False,False,0.6981320381164551,True,345,toys_and_games,STATIC_ROTATE_USER_AGENT,False
B00ABA0ZOA,False,False,False,False,False,False,False,False,0.7050518989562988,True,346,toys_and_games,STATIC_ROTATE_USER_AGENT,False
B076FGVCRH,True,False,False,True,True,True,True,True,2.9580252170562744,False,347,toys_and_games,STATIC_ROTATE_USER_AGENT,False
B0CB92B1VK,False,False,False,False,False,False,False,False,0.698300838470459,True,348,toys_and_games,STATIC_ROTATE_USER_AGENT,False
B07PQFT83F,False,False,False,False,False,False,False,False,0.691643238067627,True,349,toys_and_games,STATIC_ROTATE_USER_AGENT,False
B0B5XPFKC3,False,False,False,False,False,False,False,False,0.6973981857299805,True,350,toys_and_games,STATIC_ROTATE_USER_AGENT,False
B0BV2YFF5K,False,False,False,False,False,False,False,False,0.6972231864929199,True,351,toys_and_games,STATIC_ROTATE_USER_AGENT,False
B09TXBRWY2,False,False,False,False,False,False,False,False,0.6995010375976562,True,352,toys_and_games,STATIC_ROTATE_USER_AGENT,False
B00006RVTS,True,False,False,True,True,False,True,True,3.1074178218841553,False,353,toys_and_games,STATIC_ROTATE_USER_AGENT,False
B0CGY4J7QT,False,False,False,False,False,False,False,False,0.7055869102478027,True,354,toys_and_games,STATIC_ROTATE_USER_AGENT,False
B09JBM1KLX,False,False,False,False,False,False,False,False,0.6939818859100342,True,355,toys_and_games,STATIC_ROTATE_USER_AGENT,False
B000B6MKMO,False,False,False,False,False,False,False,False,0.6959578990936279,True,356,toys_and_games,STATIC_ROTATE_USER_AGENT,False
B07PZCQLJY,False,False,False,False,False,False,False,False,0.7027473449707031,True,357,toys_and_games,STATIC_ROTATE_USER_AGENT,False
B001CJVTLC,False,False,False,False,False,False,False,False,0.6989009380340576,True,358,toys_and_games,STATIC_ROTATE_USER_AGENT,False
B000FGECAI,False,False,False,False,False,False,False,False,0.6982200145721436,True,359,toys_and_games,STATIC_ROTATE_USER_AGENT,False
B083BCTLP5,False,False,False,False,False,False,False,False,0.7159578800201416,True,360,toys_and_games,STATIC_ROTATE_USER_AGENT,False
B08HD89CX6,False,False,False,False,False,False,False,False,0.7017090320587158,True,361,toys_and_games,STATIC_ROTATE_USER_AGENT,False
B07GKWLBN2,False,False,False,False,False,False,False,False,0.702754020690918,True,362,toys_and_games,STATIC_ROTATE_USER_AGENT,False
B08BVV3MCY,False,False,False,False,False,False,False,False,0.6971762180328369,True,363,toys_and_games,STATIC_ROTATE_USER_AGENT,False
B0BGN2HQHH,False,False,False,False,False,False,False,False,0.7038748264312744,True,364,toys_and_games,STATIC_ROTATE_USER_AGENT,False
B0C81D1739,False,False,False,False,False,False,False,False,0.7040829658508301,True,365,toys_and_games,STATIC_ROTATE_USER_AGENT,False
B07P6MZPK3,False,False,False,False,False,False,False,False,0.7137730121612549,True,366,toys_and_games,STATIC_ROTATE_USER_AGENT,False
B0B9G2SJVX,False,False,False,False,False,False,False,False,0.696613073348999,True,367,toys_and_games,STATIC_ROTATE_USER_AGENT,False
B07GCGJBC1,False,False,False,False,False,False,False,False,0.6997151374816895,True,368,toys_and_games,STATIC_ROTATE_USER_AGENT,False
B0BZCHMVTK,False,False,False,False,False,False,False,False,0.7048130035400391,True,369,toys_and_games,STATIC_ROTATE_USER_AGENT,False
B009USLJBM,False,False,False,False,False,False,False,False,0.701740026473999,True,370,toys_and_games,STATIC_ROTATE_USER_AGENT,False
B0040ZEHPK,False,False,False,False,False,False,False,False,0.7168760299682617,True,371,toys_and_games,STATIC_ROTATE_USER_AGENT,False
B008J1QP7Y,False,False,False,False,False,False,False,False,0.7039358615875244,True,372,toys_and_games,STATIC_ROTATE_USER_AGENT,False
B0CFBBBSHY,False,False,False,False,False,False,False,False,0.7110030651092529,True,373,toys_and_games,STATIC_ROTATE_USER_AGENT,False
B00000IZKX,False,False,False,False,False,False,False,False,0.712836742401123,True,374,toys_and_games,STATIC_ROTATE_USER_AGENT,False
B0BVBQDVX8,False,False,False,False,False,False,False,False,0.7146241664886475,True,375,toys_and_games,STATIC_ROTATE_USER_AGENT,False
B0CD6Y4F9J,False,False,False,False,False,False,False,False,0.7090351581573486,True,376,toys_and_games,STATIC_ROTATE_USER_AGENT,False
B00B1Z6EPS,False,False,False,False,False,False,False,False,0.7025079727172852,True,377,toys_and_games,STATIC_ROTATE_USER_AGENT,False
B00D8STBHY,True,False,False,True,True,True,True,True,3.3816299438476562,False,378,toys_and_games,STATIC_ROTATE_USER_AGENT,False
B09TDP1HCV,False,False,False,False,False,False,False,False,0.7048449516296387,True,379,toys_and_games,STATIC_ROTATE_USER_AGENT,False
B0C7VSZDSG,False,False,False,False,False,False,False,False,0.7017650604248047,True,380,toys_and_games,STATIC_ROTATE_USER_AGENT,False
B08T1NRCFW,False,False,False,False,False,False,False,False,0.7059211730957031,True,381,toys_and_games,STATIC_ROTATE_USER_AGENT,False
B071JZ6NQM,False,False,False,False,False,False,False,False,0.8072710037231445,True,382,toys_and_games,STATIC_ROTATE_USER_AGENT,False
B0CDH1V1RK,False,False,False,False,False,False,False,False,0.6992087364196777,True,383,toys_and_games,STATIC_ROTATE_USER_AGENT,False
B09L7MDNH6,False,False,False,False,False,False,False,False,0.7101657390594482,True,384,toys_and_games,STATIC_ROTATE_USER_AGENT,False
B00OZAI56M,False,False,False,False,False,False,False,False,0.741487979888916,True,385,toys_and_games,STATIC_ROTATE_USER_AGENT,False
B0833W34KP,False,False,False,False,False,False,False,False,0.7047407627105713,True,386,toys_and_games,STATIC_ROTATE_USER_AGENT,False
B0C23NBZ6W,False,False,False,False,False,False,False,False,0.7028679847717285,True,387,toys_and_games,STATIC_ROTATE_USER_AGENT,False
B0C8HWWP4Q,False,False,False,False,False,False,False,False,0.7070419788360596,True,388,toys_and_games,STATIC_ROTATE_USER_AGENT,False
B0CLN9M4GC,False,False,False,False,False,False,False,False,0.6909492015838623,True,389,toys_and_games,STATIC_ROTATE_USER_AGENT,False
B06WV7VBY5,False,False,False,False,False,False,False,False,0.7133429050445557,True,390,toys_and_games,STATIC_ROTATE_USER_AGENT,False
B0CPMX764D,False,False,False,False,False,False,False,False,0.7104339599609375,True,391,toys_and_games,STATIC_ROTATE_USER_AGENT,False
B09VBZCMGC,True,False,False,True,True,True,True,True,3.1436798572540283,False,392,toys_and_games,STATIC_ROTATE_USER_AGENT,False
B0CTTYRJJY,False,False,False,False,False,False,False,False,0.7131960391998291,True,393,toys_and_games,STATIC_ROTATE_USER_AGENT,False
B0BVNSDG2W,False,False,False,False,False,False,False,False,0.7198050022125244,True,394,toys_and_games,STATIC_ROTATE_USER_AGENT,False
B0CCWXYKVG,False,False,False,False,False,False,False,False,0.6919400691986084,True,395,toys_and_games,STATIC_ROTATE_USER_AGENT,False
B0CV2HV7WJ,False,False,False,False,False,False,False,False,0.702124834060669,True,396,toys_and_games,STATIC_ROTATE_USER_AGENT,False
B0BZHHVYY9,False,False,False,False,False,False,False,False,0.7052590847015381,True,397,toys_and_games,STATIC_ROTATE_USER_AGENT,False
B0CGFF2G5V,False,False,False,False,False,False,False,False,0.7040390968322754,True,398,toys_and_games,STATIC_ROTATE_USER_AGENT,False
B0C855J5NL,False,False,False,False,False,False,False,False,0.6944739818572998,True,399,toys_and_games,STATIC_ROTATE_USER_AGENT,False
B0991XM8YL,False,False,False,False,False,False,False,False,0.6954541206359863,True,400,toys_and_games,STATIC_ROTATE_USER_AGENT,False
B00MNV8E0C,False,False,False,False,False,False,False,False,0.709730863571167,True,401,health_and_household,STATIC_ROTATE_USER_AGENT,False
B07MHJFRBJ,False,False,False,False,False,False,False,False,0.7143721580505371,True,402,health_and_household,STATIC_ROTATE_USER_AGENT,False
B00LH3DMUO,False,False,False,False,False,False,False,False,0.7053008079528809,True,403,health_and_household,STATIC_ROTATE_USER_AGENT,False
B095CN96JS,False,False,False,False,False,False,False,False,0.7039828300476074,True,404,health_and_household,STATIC_ROTATE_USER_AGENT,False
B07BGLT25K,False,False,False,False,False,False,False,False,0.7142088413238525,True,405,health_and_household,STATIC_ROTATE_USER_AGENT,False
B0798DVT68,False,False,False,False,False,False,False,False,0.7139148712158203,True,406,health_and_household,STATIC_ROTATE_USER_AGENT,False
B01NAPQ4QP,False,False,False,False,False,False,False,False,0.7050521373748779,True,407,health_and_household,STATIC_ROTATE_USER_AGENT,False
B01BZ0LXL8,False,False,False,False,False,False,False,False,0.7000460624694824,True,408,health_and_household,STATIC_ROTATE_USER_AGENT,False
B0D5FZGY8W,False,False,False,False,False,False,False,False,0.6998777389526367,True,409,health_and_household,STATIC_ROTATE_USER_AGENT,False
B079H53D2B,False,False,False,False,False,False,False,False,0.6970081329345703,True,410,health_and_household,STATIC_ROTATE_USER_AGENT,False
B0CKK43XXS,False,False,False,False,False,False,False,False,0.7060058116912842,True,411,health_and_household,STATIC_ROTATE_USER_AGENT,False
B09NW81TH8,False,False,False,False,False,False,False,False,0.7066769599914551,True,412,health_and_household,STATIC_ROTATE_USER_AGENT,False
B07QTD8JCF,False,False,False,False,False,False,False,False,0.7123968601226807,True,413,health_and_household,STATIC_ROTATE_USER_AGENT,False
B09BWFX1L6,False,False,False,False,False,False,False,False,0.6914751529693604,True,414,health_and_household,STATIC_ROTATE_USER_AGENT,False
B09YKYV9N9,False,False,False,False,False,False,False,False,0.6982560157775879,True,415,health_and_household,STATIC_ROTATE_USER_AGENT,False
B01IT9NLHW,False,False,False,False,False,False,False,False,0.7174081802368164,True,416,health_and_household,STATIC_ROTATE_USER_AGENT,False
B09QV3XG8B,False,False,False,False,False,False,False,False,0.7111990451812744,True,417,health_and_household,STATIC_ROTATE_USER_AGENT,False
B07P5K7DQP,False,False,False,False,False,False,False,False,0.7344419956207275,True,418,health_and_household,STATIC_ROTATE_USER_AGENT,False
B07TT8B1JJ,False,False,False,False,False,False,False,False,0.7063968181610107,True,419,health_and_household,STATIC_ROTATE_USER_AGENT,False
B07ND3WR64,False,False,False,False,False,False,False,False,0.6910781860351562,True,420,health_and_household,STATIC_ROTATE_USER_AGENT,False
B0035LCFNQ,False,False,False,False,False,False,False,False,0.7047758102416992,True,421,health_and_household,STATIC_ROTATE_USER_AGENT,False
B00DLDH1N2,False,False,False,False,False,False,False,False,0.7095029354095459,True,422,health_and_household,STATIC_ROTATE_USER_AGENT,False
B00C91Q86I,False,False,False,False,False,False,False,False,0.7262840270996094,True,423,health_and_household,STATIC_ROTATE_USER_AGENT,False
B08DVFZTTG,False,False,False,False,False,False,False,False,0.7034189701080322,True,424,health_and_household,STATIC_ROTATE_USER_AGENT,False
B00GL2HMES,False,False,False,False,False,False,False,False,0.7017269134521484,True,425,health_and_household,STATIC_ROTATE_USER_AGENT,False
B083JHCCV2,False,False,False,False,False,False,False,False,0.6977348327636719,True,426,health_and_household,STATIC_ROTATE_USER_AGENT,False
B002DYIZH6,False,False,False,False,False,False,False,False,0.7028872966766357,True,427,health_and_household,STATIC_ROTATE_USER_AGENT,False
B0C2CY22B8,False,False,False,False,False,False,False,False,0.6996128559112549,True,428,health_and_household,STATIC_ROTATE_USER_AGENT,False
B074CRK54X,True,False,False,True,True,True,True,True,2.6384739875793457,False,429,health_and_household,STATIC_ROTATE_USER_AGENT,False
B0CM4NXMV2,False,False,False,False,False,False,False,False,0.7151229381561279,True,430,health_and_household,STATIC_ROTATE_USER_AGENT,False
B00HSC9F2C,False,False,False,False,False,False,False,False,0.6991569995880127,True,431,health_and_household,STATIC_ROTATE_USER_AGENT,False
B074CR89QG,False,False,False,False,False,False,False,False,0.7221639156341553,True,432,health_and_household,STATIC_ROTATE_USER_AGENT,False
B00AHAWWO0,False,False,False,False,False,False,False,False,0.695084810256958,True,433,health_and_household,STATIC_ROTATE_USER_AGENT,False
B0CM5C15ZD,True,False,False,True,True,True,True,True,2.752063035964966,False,434,health_and_household,STATIC_ROTATE_USER_AGENT,False
B00GB85JR4,False,False,False,False,False,False,False,False,0.701038122177124,True,435,health_and_household,STATIC_ROTATE_USER_AGENT,False
B07BVYZL88,False,False,False,False,False,False,False,False,0.6948690414428711,True,436,health_and_household,STATIC_ROTATE_USER_AGENT,False
B071D4DKTZ,False,False,False,False,False,False,False,False,0.6988029479980469,True,437,health_and_household,STATIC_ROTATE_USER_AGENT,False
B08F7BSLNW,False,False,False,False,False,False,False,False,0.7124488353729248,True,438,health_and_household,STATIC_ROTATE_USER_AGENT,False
B093X8QQ12,False,False,False,False,False,False,False,False,0.6982250213623047,True,439,health_and_household,STATIC_ROTATE_USER_AGENT,False
B01NGTV4J5,False,False,False,False,False,False,False,False,0.6997199058532715,True,440,health_and_household,STATIC_ROTATE_USER_AGENT,False
B07F246YG1,False,False,False,False,False,False,False,False,0.6998162269592285,True,441,health_and_household,STATIC_ROTATE_USER_AGENT,False
B07T9MBNTT,False,False,False,False,False,False,False,False,0.6978960037231445,True,442,health_and_household,STATIC_ROTATE_USER_AGENT,False
B00Y8MP4G6,False,False,False,False,False,False,False,False,0.7125809192657471,True,443,health_and_household,STATIC_ROTATE_USER_AGENT,False
B09F8FZ18G,False,False,False,False,False,False,False,False,0.7000389099121094,True,444,health_and_household,STATIC_ROTATE_USER_AGENT,False
B009108SGS,False,False,False,False,False,False,False,False,0.7195913791656494,True,445,health_and_household,STATIC_ROTATE_USER_AGENT,False
B00GJ82VK4,False,False,False,False,False,False,False,False,0.7018110752105713,True,446,health_and_household,STATIC_ROTATE_USER_AGENT,False
B08GF7YGCD,False,False,False,False,False,False,False,False,0.697516918182373,True,447,health_and_household,STATIC_ROTATE_USER_AGENT,False
B07B8BSGPL,False,False,False,False,False,False,False,False,0.718090295791626,True,448,health_and_household,STATIC_ROTATE_USER_AGENT,False
B00TSTZQEY,False,False,False,False,False,False,False,False,0.7026219367980957,True,449,health_and_household,STATIC_ROTATE_USER_AGENT,False
B0CV4FQPY1,False,False,False,False,False,False,False,False,0.6976220607757568,True,450,health_and_household,STATIC_ROTATE_USER_AGENT,False
B084HQ4DYQ,False,False,False,False,False,False,False,False,0.7025208473205566,True,451,health_and_household,STATIC_ROTATE_USER_AGENT,False
B09RTVD1GF,False,False,False,False,False,False,False,False,0.7054760456085205,True,452,health_and_household,STATIC_ROTATE_USER_AGENT,False
B01C5QS1T8,False,False,False,False,False,False,False,False,0.7130768299102783,True,453,health_and_household,STATIC_ROTATE_USER_AGENT,False
B00W5D1MDE,False,False,False,False,False,False,False,False,0.6967599391937256,True,454,health_and_household,STATIC_ROTATE_USER_AGENT,False
B00MH4QM1S,False,False,False,False,False,False,False,False,0.7358138561248779,True,455,health_and_household,STATIC_ROTATE_USER_AGENT,False
B00IRKRK9O,False,False,False,False,False,False,False,False,0.6988680362701416,True,456,health_and_household,STATIC_ROTATE_USER_AGENT,False
B099J2SWXV,False,False,False,False,False,False,False,False,0.8095757961273193,True,457,health_and_household,STATIC_ROTATE_USER_AGENT,False
B095PQ6SX7,False,False,False,False,False,False,False,False,0.7202019691467285,True,458,health_and_household,STATIC_ROTATE_USER_AGENT,False
B09RSC2JT3,False,False,False,False,False,False,False,False,0.7533519268035889,True,459,health_and_household,STATIC_ROTATE_USER_AGENT,False
B08XQZX9K3,False,False,False,False,False,False,False,False,0.7126519680023193,True,460,health_and_household,STATIC_ROTATE_USER_AGENT,False
B09RTVN5GN,False,False,False,False,False,False,False,False,0.6940021514892578,True,461,health_and_household,STATIC_ROTATE_USER_AGENT,False
B01HI7WP0U,False,False,False,False,False,False,False,False,0.7031080722808838,True,462,health_and_household,STATIC_ROTATE_USER_AGENT,False
B0BQ4G7LY8,False,False,False,False,False,False,False,False,0.714479923248291,True,463,health_and_household,STATIC_ROTATE_USER_AGENT,False
B0BBPNPZTC,False,False,False,False,False,False,False,False,0.6987919807434082,True,464,health_and_household,STATIC_ROTATE_USER_AGENT,False
B095KCG1Q2,False,False,False,False,False,False,False,False,0.6962430477142334,True,465,health_and_household,STATIC_ROTATE_USER_AGENT,False
B00K6JUG4K,True,False,False,True,True,False,True,True,2.5523159503936768,False,466,health_and_household,STATIC_ROTATE_USER_AGENT,False
B0CCGJ1DY8,False,False,False,False,False,False,False,False,0.7007429599761963,True,467,health_and_household,STATIC_ROTATE_USER_AGENT,False
B004QQ9LVS,False,False,False,False,False,False,False,False,0.7001042366027832,True,468,health_and_household,STATIC_ROTATE_USER_AGENT,False
B09NW92T8Q,False,False,False,False,False,False,False,False,0.693047046661377,True,469,health_and_household,STATIC_ROTATE_USER_AGENT,False
B003TS2R1A,False,False,False,False,False,False,False,False,0.6982598304748535,True,470,health_and_household,STATIC_ROTATE_USER_AGENT,False
B08FGZSW8L,False,False,False,False,False,False,False,False,0.6958179473876953,True,471,health_and_household,STATIC_ROTATE_USER_AGENT,False
B00MH4QI26,False,False,False,False,False,False,False,False,0.7053670883178711,True,472,health_and_household,STATIC_ROTATE_USER_AGENT,False
B0BJMV9BXJ,False,False,False,False,False,False,False,False,0.6978490352630615,True,473,health_and_household,STATIC_ROTATE_USER_AGENT,False
B00Q70RCW6,False,False,False,False,False,False,False,False,0.6976120471954346,True,474,health_and_household,STATIC_ROTATE_USER_AGENT,False
B0748J34WZ,False,False,False,False,False,False,False,False,0.6920680999755859,True,475,health_and_household,STATIC_ROTATE_USER_AGENT,False
B0756MBLNX,True,False,False,True,True,True,True,True,3.117257833480835,False,476,health_and_household,STATIC_ROTATE_USER_AGENT,False
B01BMDAVIY,False,False,False,False,False,False,False,False,0.6965560913085938,True,477,health_and_household,STATIC_ROTATE_USER_AGENT,False
B077K3W4K4,True,False,False,True,True,False,True,True,2.289930820465088,False,478,health_and_household,STATIC_ROTATE_USER_AGENT,False
B09YKRZR22,False,False,False,False,False,False,False,False,0.6986470222473145,True,479,health_and_household,STATIC_ROTATE_USER_AGENT,False
B0739KKHWL,False,False,False,False,False,False,False,False,0.7037630081176758,True,480,health_and_household,STATIC_ROTATE_USER_AGENT,False
B004K95PBQ,False,False,False,False,False,False,False,False,0.7000391483306885,True,481,health_and_household,STATIC_ROTATE_USER_AGENT,False
B003FULBQ4,False,False,False,False,False,False,False,False,0.7000870704650879,True,482,health_and_household,STATIC_ROTATE_USER_AGENT,False
B01BUNHFAS,False,False,False,False,False,False,False,False,0.7011449337005615,True,483,health_and_household,STATIC_ROTATE_USER_AGENT,False
B07RN6TG1J,False,False,False,False,False,False,False,False,0.6998791694641113,True,484,health_and_household,STATIC_ROTATE_USER_AGENT,False
B093WPZF1Y,False,False,False,False,False,False,False,False,0.7024199962615967,True,485,health_and_household,STATIC_ROTATE_USER_AGENT,False
B003K01BMI,True,False,False,True,True,True,True,True,3.653505802154541,False,486,health_and_household,STATIC_ROTATE_USER_AGENT,False
B07YD3KQ5S,False,False,False,False,False,False,False,False,0.7143058776855469,True,487,health_and_household,STATIC_ROTATE_USER_AGENT,False
B0C35Z66QV,True,False,False,True,True,False,True,True,2.6206870079040527,False,488,health_and_household,STATIC_ROTATE_USER_AGENT,False
B0CGKVHHCY,False,False,False,False,False,False,False,False,0.6996119022369385,True,489,health_and_household,STATIC_ROTATE_USER_AGENT,False
B07GY22VLW,False,False,False,False,False,False,False,False,0.6938009262084961,True,490,health_and_household,STATIC_ROTATE_USER_AGENT,False
B085V5PPP8,False,False,False,False,False,False,False,False,0.7118449211120605,True,491,health_and_household,STATIC_ROTATE_USER_AGENT,False
B003H03SDQ,False,False,False,False,False,False,False,False,0.7141220569610596,True,492,health_and_household,STATIC_ROTATE_USER_AGENT,False
B07DX89ZHN,False,False,False,False,False,False,False,False,0.7022500038146973,True,493,health_and_household,STATIC_ROTATE_USER_AGENT,False
B09556SRJH,False,False,False,False,False,False,False,False,0.7078981399536133,True,494,health_and_household,STATIC_ROTATE_USER_AGENT,False
B019GU4ILQ,False,False,False,False,False,False,False,False,0.7060320377349854,True,495,health_and_household,STATIC_ROTATE_USER_AGENT,False
B06ZZ3PJQD,False,False,False,False,False,False,False,False,0.6945610046386719,True,496,health_and_household,STATIC_ROTATE_USER_AGENT,False
B0BB3JGBH5,False,False,False,False,False,False,False,False,0.6983132362365723,True,497,health_and_household,STATIC_ROTATE_USER_AGENT,False
B0787K2XWZ,False,False,False,False,False,False,False,False,0.6915938854217529,True,498,health_and_household,STATIC_ROTATE_USER_AGENT,False
B002DYIZEE,False,False,False,False,False,False,False,False,0.6960740089416504,True,499,health_and_household,STATIC_ROTATE_USER_AGENT,False
B0B9YVG4LR,False,False,False,False,False,False,False,False,0.7094879150390625,True,500,health_and_household,STATIC_ROTATE_USER_AGENT,False
